candidate_id,descriptor_id,graspgenx_score,source_sample_index,anchor_face_index,anchor_position_object_m,closure_status,contact_face_indices,contact_positions_object_m,fast_filter,fast_reasons,diversity_selected_after_fast_filter,diversity_selection_status,sequential_closure_sweep_pass,minimum_table_clearance_m,minimum_clearance_link,minimum_clearance_finger_stage,minimum_clearance_joint_position_rad,checked_state_count,maximum_joint_increment_rad,endpoint_only_table_clearance_m,first_table_violation_clearance_m,first_table_violation_link,first_table_violation_finger_stage,unresolved_checks,task_status,worst_task_margin,lower_tail_mean_margin,required_peak_normal_force_n,maximum_joint_load_utilization,maximum_generalized_joint_torque_nm,wrist_load_utilization,sensitivity,task_failure_reason,nominal_balance_infeasible_count,evidence
graspgenx_000,kcg_3f_preshape_00,0.00019600616360548884,1401,100120,-0.0187083724 0.0150149502 0.0161666674,CLOSURE_REJECT,,,FAST_REJECT,FORBIDDEN_FIRST_CONTACT_FACE_99264,False,REJECTED_BEFORE_DIVERSITY,False,,,,,0,0.0,,,,,,NOT_EVALUATED,,,,,,,,,,OFFLINE_RESEARCH_NOT_FORMAL
graspgenx_001,kcg_3f_preshape_00,0.0001872461725724861,1509,100120,-0.0187083724 0.0150149502 0.0161666674,CLOSURE_REJECT,,,FAST_REJECT,NO_EFFECTIVE_CONTACT_finger_1_pad,False,REJECTED_BEFORE_DIVERSITY,False,,,,,0,0.0,,,,,,NOT_EVALUATED,,,,,,,,,,OFFLINE_RESEARCH_NOT_FORMAL
graspgenx_002,kcg_3f_preshape_00,0.00018368331075180322,1485,100120,-0.0187083724 0.0150149502 0.0161666674,CLOSURE_REJECT,,,FAST_REJECT,NO_EFFECTIVE_CONTACT_finger_1_pad,False,REJECTED_BEFORE_DIVERSITY,False,,,,,0,0.0,,,,,,NOT_EVALUATED,,,,,,,,,,OFFLINE_RESEARCH_NOT_FORMAL
graspgenx_003,kcg_3f_preshape_00,0.00017942972772289068,1515,100120,-0.0187083724 0.0150149502 0.0161666674,CLOSURE_REJECT,,,FAST_REJECT,NO_EFFECTIVE_CONTACT_finger_1_pad,False,REJECTED_BEFORE_DIVERSITY,False,,,,,0,0.0,,,,,,NOT_EVALUATED,,,,,,,,,,OFFLINE_RESEARCH_NOT_FORMAL
graspgenx_004,kcg_3f_preshape_00,0.00016379078442696482,1395,100120,-0.0187083724 0.0150149502 0.0161666674,CLOSURE_REJECT,100420,-0.0136155888 -0.0197532632 0.0155439961,FAST_REJECT,NO_EFFECTIVE_CONTACT_finger_2_pad,False,REJECTED_BEFORE_DIVERSITY,False,,,,,0,0.0,,,,,,NOT_EVALUATED,,,,,,,,,,OFFLINE_RESEARCH_NOT_FORMAL
graspgenx_005,kcg_3f_preshape_00,0.00015996683214325458,1503,100120,-0.0187083724 0.0150149502 0.0161666674,CLOSURE_REJECT,,,FAST_REJECT,NO_EFFECTIVE_CONTACT_finger_1_pad,False,REJECTED_BEFORE_DIVERSITY,False,,,,,0,0.0,,,,,,NOT_EVALUATED,,,,,,,,,,OFFLINE_RESEARCH_NOT_FORMAL
graspgenx_006,kcg_3f_preshape_00,0.0001574221532791853,1407,100120,-0.0187083724 0.0150149502 0.0161666674,CLOSURE_REJECT,99257,-0.0155460002 -0.0182725511 0.00248442164,FAST_REJECT,NO_EFFECTIVE_CONTACT_finger_2_pad,False,REJECTED_BEFORE_DIVERSITY,False,,,,,0,0.0,,,,,,NOT_EVALUATED,,,,,,,,,,OFFLINE_RESEARCH_NOT_FORMAL
graspgenx_007,kcg_3f_preshape_00,0.0001408683165209368,1479,100120,-0.0187083724 0.0150149502 0.0161666674,CLOSURE_REJECT,,,FAST_REJECT,NO_EFFECTIVE_CONTACT_finger_1_pad,False,REJECTED_BEFORE_DIVERSITY,False,,,,,0,0.0,,,,,,NOT_EVALUATED,,,,,,,,,,OFFLINE_RESEARCH_NOT_FORMAL
graspgenx_008,kcg_3f_preshape_00,0.00013960637443233281,1389,100120,-0.0187083724 0.0150149502 0.0161666674,CLOSURE_REJECT,100397,-0.0163746224 -0.0175287244 0.0216218438,FAST_REJECT,NO_EFFECTIVE_CONTACT_finger_2_pad,False,REJECTED_BEFORE_DIVERSITY,False,,,,,0,0.0,,,,,,NOT_EVALUATED,,,,,,,,,,OFFLINE_RESEARCH_NOT_FORMAL
graspgenx_009,kcg_3f_preshape_00,0.00804161187261343,2799,99928,0.00364914212 0.0237094019 0.0161666674,CLOSURE_REJECT,,,FAST_REJECT,NO_EFFECTIVE_CONTACT_finger_1_pad,False,REJECTED_BEFORE_DIVERSITY,False,,,,,0,0.0,,,,,,NOT_EVALUATED,,,,,,,,,,OFFLINE_RESEARCH_NOT_FORMAL
graspgenx_010,kcg_3f_preshape_00,0.006930720526725054,2805,99928,0.00364914212 0.0237094019 0.0161666674,CLOSURE_REJECT,,,FAST_REJECT,NO_EFFECTIVE_CONTACT_finger_1_pad,False,REJECTED_BEFORE_DIVERSITY,False,,,,,0,0.0,,,,,,NOT_EVALUATED,,,,,,,,,,OFFLINE_RESEARCH_NOT_FORMAL
graspgenx_011,kcg_3f_preshape_00,0.0057332818396389484,2793,99928,0.00364914212 0.0237094019 0.0161666674,CLOSURE_REJECT,,,FAST_REJECT,NO_EFFECTIVE_CONTACT_finger_1_pad,False,REJECTED_BEFORE_DIVERSITY,False,,,,,0,0.0,,,,,,NOT_EVALUATED,,,,,,,,,,OFFLINE_RESEARCH_NOT_FORMAL
graspgenx_012,kcg_3f_preshape_00,0.0056009674444794655,2691,99928,0.00364914212 0.0237094019 0.0161666674,CLOSURE_REJECT,100780,0.0234623188 -0.00501038485 0.0140735102,FAST_REJECT,NO_EFFECTIVE_CONTACT_finger_2_pad,False,REJECTED_BEFORE_DIVERSITY,False,,,,,0,0.0,,,,,,NOT_EVALUATED,,,,,,,,,,OFFLINE_RESEARCH_NOT_FORMAL
graspgenx_013,kcg_3f_preshape_00,0.005574138835072517,2583,99856,0.0124445625 0.0205081651 0.0161666674,CLOSURE_REJECT,98969,-0.018912904 0.0147657276 0.00759148097,FAST_REJECT,NO_EFFECTIVE_CONTACT_finger_2_pad,False,REJECTED_BEFORE_DIVERSITY,False,,,,,0,0.0,,,,,,NOT_EVALUATED,,,,,,,,,,OFFLINE_RESEARCH_NOT_FORMAL
graspgenx_014,kcg_3f_preshape_00,0.005421437788754702,2367,99784,0.0193454109 0.0141847455 0.0161666674,CLOSURE_REJECT,,,FAST_REJECT,FORBIDDEN_FIRST_CONTACT_FACE_100123,False,REJECTED_BEFORE_DIVERSITY,False,,,,,0,0.0,,,,,,NOT_EVALUATED,,,,,,,,,,OFFLINE_RESEARCH_NOT_FORMAL
graspgenx_015,kcg_3f_preshape_00,0.004939594771713018,2811,99928,0.00364914212 0.0237094019 0.0161666674,CLOSURE_REJECT,,,FAST_REJECT,NO_EFFECTIVE_CONTACT_finger_1_pad,False,REJECTED_BEFORE_DIVERSITY,False,,,,,0,0.0,,,,,,NOT_EVALUATED,,,,,,,,,,OFFLINE_RESEARCH_NOT_FORMAL
graspgenx_016,kcg_3f_preshape_00,0.004861332941800356,2589,99856,0.0124445625 0.0205081651 0.0161666674,CLOSURE_REJECT,98945,-0.0160936707 0.0177918638 0.00765168581,FAST_REJECT,NO_EFFECTIVE_CONTACT_finger_2_pad,False,REJECTED_BEFORE_DIVERSITY,False,,,,,0,0.0,,,,,,NOT_EVALUATED,,,,,,,,,,OFFLINE_RESEARCH_NOT_FORMAL
graspgenx_017,kcg_3f_preshape_00,0.004749978426843882,2373,99784,0.0193454109 0.0141847455 0.0161666674,CLOSURE_REJECT,100096,-0.0168736797 0.0170613072 0.0170828745,FAST_REJECT,NO_EFFECTIVE_CONTACT_finger_2_pad,False,REJECTED_BEFORE_DIVERSITY,False,,,,,0,0.0,,,,,,NOT_EVALUATED,,,,,,,,,,OFFLINE_RESEARCH_NOT_FORMAL
graspgenx_018,kcg_3f_preshape_00,0.00010825643403222784,2139,100792,0.0237094019 -0.00364914212 0.0161666674,CLOSURE_REJECT,,,FAST_REJECT,NO_EFFECTIVE_CONTACT_finger_1_pad,False,REJECTED_BEFORE_DIVERSITY,False,,,,,0,0.0,,,,,,NOT_EVALUATED,,,,,,,,,,OFFLINE_RESEARCH_NOT_FORMAL
graspgenx_019,kcg_3f_preshape_00,0.00010106361878570169,2031,100792,0.0237094019 -0.00364914212 0.0161666674,CLOSURE_REJECT,99328,-0.0065700117 -0.0230735156 -0.0016536523,FAST_REJECT,NO_EFFECTIVE_CONTACT_finger_2_pad,False,REJECTED_BEFORE_DIVERSITY,False,,,,,0,0.0,,,,,,NOT_EVALUATED,,,,,,,,,,OFFLINE_RESEARCH_NOT_FORMAL
graspgenx_020,kcg_3f_preshape_00,9.795404912438244e-05,2037,100792,0.0237094019 -0.00364914212 0.0161666674,CLOSURE_REJECT,,,FAST_REJECT,FORBIDDEN_FIRST_CONTACT_FACE_100486,False,REJECTED_BEFORE_DIVERSITY,False,,,,,0,0.0,,,,,,NOT_EVALUATED,,,,,,,,,,OFFLINE_RESEARCH_NOT_FORMAL
graspgenx_021,kcg_3f_preshape_00,9.319897799286991e-05,2145,100792,0.0237094019 -0.00364914212 0.0161666674,CLOSURE_REJECT,,,FAST_REJECT,NO_EFFECTIVE_CONTACT_finger_1_pad,False,REJECTED_BEFORE_DIVERSITY,False,,,,,0,0.0,,,,,,NOT_EVALUATED,,,,,,,,,,OFFLINE_RESEARCH_NOT_FORMAL
graspgenx_022,kcg_3f_preshape_00,9.025886538438499e-05,2043,100792,0.0237094019 -0.00364914212 0.0161666674,CLOSURE_REJECT,100492,-0.00514970807 -0.0234298332 0.0140735102,FAST_REJECT,NO_EFFECTIVE_CONTACT_finger_2_pad,False,REJECTED_BEFORE_DIVERSITY,False,,,,,0,0.0,,,,,,NOT_EVALUATED,,,,,,,,,,OFFLINE_RESEARCH_NOT_FORMAL
graspgenx_023,kcg_3f_preshape_00,8.6592735897284e-05,2049,100792,0.0237094019 -0.00364914212 0.0161666674,CLOSURE_REJECT,100533,-0.000128838722 -0.0225957838 0.0255390167,FAST_REJECT,NO_EFFECTIVE_CONTACT_finger_2_pad,False,REJECTED_BEFORE_DIVERSITY,False,,,,,0,0.0,,,,,,NOT_EVALUATED,,,,,,,,,,OFFLINE_RESEARCH_NOT_FORMAL
graspgenx_024,kcg_3f_preshape_00,8.595563849667087e-05,2025,100792,0.0237094019 -0.00364914212 0.0161666674,CLOSURE_REJECT,,,FAST_REJECT,FORBIDDEN_FIRST_CONTACT_FACE_99334,False,REJECTED_BEFORE_DIVERSITY,False,,,,,0,0.0,,,,,,NOT_EVALUATED,,,,,,,,,,OFFLINE_RESEARCH_NOT_FORMAL
graspgenx_025,kcg_3f_preshape_00,8.26861069072038e-05,2055,100792,0.0237094019 -0.00364914212 0.0161666674,CLOSURE_REJECT,,,FAST_REJECT,FORBIDDEN_FIRST_CONTACT_FACE_100519,False,REJECTED_BEFORE_DIVERSITY,False,,,,,0,0.0,,,,,,NOT_EVALUATED,,,,,,,,,,OFFLINE_RESEARCH_NOT_FORMAL
graspgenx_026,kcg_3f_preshape_00,7.78895991970785e-05,2163,100792,0.0237094019 -0.00364914212 0.0161666674,CLOSURE_REJECT,,,FAST_REJECT,NO_EFFECTIVE_CONTACT_finger_1_pad,False,REJECTED_BEFORE_DIVERSITY,False,,,,,0,0.0,,,,,,NOT_EVALUATED,,,,,,,,,,OFFLINE_RESEARCH_NOT_FORMAL
graspgenx_027,kcg_3f_preshape_00,1.862748285930138e-05,2919,100552,0.00261164439 -0.023845991 0.0161666674,CLOSURE_REJECT,,,FAST_REJECT,NO_EFFECTIVE_CONTACT_finger_1_pad,False,REJECTED_BEFORE_DIVERSITY,False,,,,,0,0.0,,,,,,NOT_EVALUATED,,,,,,,,,,OFFLINE_RESEARCH_NOT_FORMAL
graspgenx_028,kcg_3f_preshape_00,1.8521517631597817e-05,3045,100552,0.00261164439 -0.023845991 0.0161666674,CLOSURE_REJECT,,,FAST_REJECT,NO_EFFECTIVE_CONTACT_finger_1_pad,False,REJECTED_BEFORE_DIVERSITY,False,,,,,0,0.0,,,,,,NOT_EVALUATED,,,,,,,,,,OFFLINE_RESEARCH_NOT_FORMAL
graspgenx_029,kcg_3f_preshape_00,1.8205566448159516e-05,3051,100552,0.00261164439 -0.023845991 0.0161666674,CLOSURE_REJECT,,,FAST_REJECT,NO_EFFECTIVE_CONTACT_finger_1_pad,False,REJECTED_BEFORE_DIVERSITY,False,,,,,0,0.0,,,,,,NOT_EVALUATED,,,,,,,,,,OFFLINE_RESEARCH_NOT_FORMAL
graspgenx_030,kcg_3f_preshape_00,1.7865588233689778e-05,2931,100552,0.00261164439 -0.023845991 0.0161666674,CLOSURE_REJECT,,,FAST_REJECT,NO_EFFECTIVE_CONTACT_finger_1_pad,False,REJECTED_BEFORE_DIVERSITY,False,,,,,0,0.0,,,,,,NOT_EVALUATED,,,,,,,,,,OFFLINE_RESEARCH_NOT_FORMAL
graspgenx_031,kcg_3f_preshape_00,1.7315651348326355e-05,3039,100552,0.00261164439 -0.023845991 0.0161666674,CLOSURE_REJECT,,,FAST_REJECT,FORBIDDEN_FIRST_CONTACT_FACE_7266,False,REJECTED_BEFORE_DIVERSITY,False,,,,,0,0.0,,,,,,NOT_EVALUATED,,,,,,,,,,OFFLINE_RESEARCH_NOT_FORMAL
graspgenx_032,kcg_3f_preshape_00,1.729733048705384e-05,3015,100552,0.00261164439 -0.023845991 0.0161666674,CLOSURE_REJECT,,,FAST_REJECT,FORBIDDEN_FIRST_CONTACT_FACE_99031,False,REJECTED_BEFORE_DIVERSITY,False,,,,,0,0.0,,,,,,NOT_EVALUATED,,,,,,,,,,OFFLINE_RESEARCH_NOT_FORMAL
graspgenx_033,kcg_3f_preshape_00,1.7129921616287902e-05,2913,100552,0.00261164439 -0.023845991 0.0161666674,CLOSURE_REJECT,,,FAST_REJECT,NO_EFFECTIVE_CONTACT_finger_1_pad,False,REJECTED_BEFORE_DIVERSITY,False,,,,,0,0.0,,,,,,NOT_EVALUATED,,,,,,,,,,OFFLINE_RESEARCH_NOT_FORMAL
graspgenx_034,kcg_3f_preshape_00,1.6847039660206065e-05,2937,100552,0.00261164439 -0.023845991 0.0161666674,CLOSURE_REJECT,,,FAST_REJECT,NO_EFFECTIVE_CONTACT_finger_1_pad,False,REJECTED_BEFORE_DIVERSITY,False,,,,,0,0.0,,,,,,NOT_EVALUATED,,,,,,,,,,OFFLINE_RESEARCH_NOT_FORMAL
graspgenx_035,kcg_3f_preshape_00,1.6616189896012656e-05,2901,100552,0.00261164439 -0.023845991 0.0161666674,CLOSURE_REJECT,,,FAST_REJECT,NO_EFFECTIVE_CONTACT_finger_1_pad,False,REJECTED_BEFORE_DIVERSITY,False,,,,,0,0.0,,,,,,NOT_EVALUATED,,,,,,,,,,OFFLINE_RESEARCH_NOT_FORMAL
graspgenx_036,kcg_3f_preshape_00,0.00020478476653806865,747,53162,0.0022567398 0.00568109142 0.000161666674,CLOSURE_REJECT,100444,-0.0110851621 -0.0212736029 0.0152709634,FAST_REJECT,FORBIDDEN_FIRST_CONTACT_FACE_99642,False,REJECTED_BEFORE_DIVERSITY,False,,,,,0,0.0,,,,,,NOT_EVALUATED,,,,,,,,,,OFFLINE_RESEARCH_NOT_FORMAL
graspgenx_037,kcg_3f_preshape_00,0.0001711543882265687,777,53162,0.0022567398 0.00568109142 0.000161666674,CLOSURE_REJECT,100672,0.0167871658 -0.0171423361 0.0134533775,FAST_REJECT,NO_EFFECTIVE_CONTACT_finger_2_pad,False,REJECTED_BEFORE_DIVERSITY,False,,,,,0,0.0,,,,,,NOT_EVALUATED,,,,,,,,,,OFFLINE_RESEARCH_NOT_FORMAL
graspgenx_038,kcg_3f_preshape_00,0.00017018464859575033,753,53162,0.0022567398 0.00568109142 0.000161666674,CLOSURE_REJECT,,,FAST_REJECT,FORBIDDEN_FIRST_CONTACT_FACE_100490,False,REJECTED_BEFORE_DIVERSITY,False,,,,,0,0.0,,,,,,NOT_EVALUATED,,,,,,,,,,OFFLINE_RESEARCH_NOT_FORMAL
graspgenx_039,kcg_3f_preshape_00,0.00016804516781121492,771,53162,0.0022567398 0.00568109142 0.000161666674,CLOSURE_REJECT,100624,0.0113698092 -0.0211214559 0.0186203537,FAST_REJECT,NO_EFFECTIVE_CONTACT_finger_2_pad,False,REJECTED_BEFORE_DIVERSITY,False,,,,,0,0.0,,,,,,NOT_EVALUATED,,,,,,,,,,OFFLINE_RESEARCH_NOT_FORMAL
graspgenx_040,kcg_3f_preshape_00,0.00016162716201506555,765,53162,0.0022567398 0.00568109142 0.000161666674,CLOSURE_REJECT,100564,0.00413337321 -0.0236294548 0.0152709634,FAST_REJECT,FORBIDDEN_FIRST_CONTACT_FACE_98518,False,REJECTED_BEFORE_DIVERSITY,False,,,,,0,0.0,,,,,,NOT_EVALUATED,,,,,,,,,,OFFLINE_RESEARCH_NOT_FORMAL
graspgenx_041,kcg_3f_preshape_00,0.00015237204206641763,759,53162,0.0022567398 0.00568109142 0.000161666674,CLOSURE_REJECT,100528 98548,-0.000993884481 -0.0239674647 0.0152709634 | 0.0236141794 0.00422589443 -0.00176928325,FAST_REJECT,NO_EFFECTIVE_CONTACT_finger_3_pad,False,REJECTED_BEFORE_DIVERSITY,False,,,,,0,0.0,,,,,,NOT_EVALUATED,,,,,,,,,,OFFLINE_RESEARCH_NOT_FORMAL
graspgenx_042,kcg_3f_preshape_00,0.0001371326798107475,741,53162,0.0022567398 0.00568109142 0.000161666674,CLOSURE_REJECT,100408,-0.015445872 -0.0183547242 0.0152709634,FAST_REJECT,FORBIDDEN_FIRST_CONTACT_FACE_99562,False,REJECTED_BEFORE_DIVERSITY,False,,,,,0,0.0,,,,,,NOT_EVALUATED,,,,,,,,,,OFFLINE_RESEARCH_NOT_FORMAL
graspgenx_043,kcg_3f_preshape_00,0.0001361296308459714,783,53162,0.0022567398 0.00568109142 0.000161666674,CLOSURE_REJECT,99605,0.0225513602 -0.0081794142 0.0073568781,FAST_REJECT,NO_EFFECTIVE_CONTACT_finger_2_pad,False,REJECTED_BEFORE_DIVERSITY,False,,,,,0,0.0,,,,,,NOT_EVALUATED,,,,,,,,,,OFFLINE_RESEARCH_NOT_FORMAL
graspgenx_044,kcg_3f_preshape_00,0.00011072345660068095,531,81172,-0.00148326007 -0.00351122881 0.000140000007,CLOSURE_REJECT,,,FAST_REJECT,NO_EFFECTIVE_CONTACT_finger_1_pad,False,REJECTED_BEFORE_DIVERSITY,False,,,,,0,0.0,,,,,,NOT_EVALUATED,,,,,,,,,,OFFLINE_RESEARCH_NOT_FORMAL
graspgenx_045,kcg_3f_preshape_01,2.201183633587789e-06,249,99142,-0.0218997953 -0.00688143 -0.00200000009,CLOSURE_REJECT,,,FAST_REJECT,INITIAL_PAD_TOO_CLOSE,False,REJECTED_BEFORE_DIVERSITY,False,,,,,0,0.0,,,,,,NOT_EVALUATED,,,,,,,,,,OFFLINE_RESEARCH_NOT_FORMAL
graspgenx_046,kcg_3f_preshape_01,1.2278986716296458e-09,254,99672,0.023516206 0.000523225014 0.0305000014,CLOSURE_REJECT,,,FAST_REJECT,NO_EFFECTIVE_CONTACT_finger_1_pad,False,REJECTED_BEFORE_DIVERSITY,False,,,,,0,0.0,,,,,,NOT_EVALUATED,,,,,,,,,,OFFLINE_RESEARCH_NOT_FORMAL
graspgenx_047,kcg_3f_preshape_01,1.6461081109309106e-10,255,99365,-0.00261164439 -0.023845991 0.00533333359,CLOSURE_REJECT,,,FAST_REJECT,NO_EFFECTIVE_CONTACT_finger_1_pad,False,REJECTED_BEFORE_DIVERSITY,False,,,,,0,0.0,,,,,,NOT_EVALUATED,,,,,,,,,,OFFLINE_RESEARCH_NOT_FORMAL
graspgenx_048,kcg_3f_preshape_01,9.485859875368874e-10,2241,100060,-0.0128891245 0.0202317184 0.0161666674,CLOSURE_REJECT,,,FAST_REJECT,NO_EFFECTIVE_CONTACT_finger_1_pad,False,REJECTED_BEFORE_DIVERSITY,False,,,,,0,0.0,,,,,,NOT_EVALUATED,,,,,,,,,,OFFLINE_RESEARCH_NOT_FORMAL
graspgenx_049,kcg_3f_preshape_01,9.454900196104177e-10,2361,100060,-0.0128891245 0.0202317184 0.0161666674,CLOSURE_REJECT,,,FAST_REJECT,NO_EFFECTIVE_CONTACT_finger_1_pad,False,REJECTED_BEFORE_DIVERSITY,False,,,,,0,0.0,,,,,,NOT_EVALUATED,,,,,,,,,,OFFLINE_RESEARCH_NOT_FORMAL
graspgenx_050,kcg_3f_preshape_01,8.475074531055782e-10,2367,100060,-0.0128891245 0.0202317184 0.0161666674,CLOSURE_REJECT,,,FAST_REJECT,NO_EFFECTIVE_CONTACT_finger_1_pad,False,REJECTED_BEFORE_DIVERSITY,False,,,,,0,0.0,,,,,,NOT_EVALUATED,,,,,,,,,,OFFLINE_RESEARCH_NOT_FORMAL
graspgenx_051,kcg_3f_preshape_01,7.782195443617468e-10,2373,100060,-0.0128891245 0.0202317184 0.0161666674,CLOSURE_REJECT,,,FAST_REJECT,NO_EFFECTIVE_CONTACT_finger_1_pad,False,REJECTED_BEFORE_DIVERSITY,False,,,,,0,0.0,,,,,,NOT_EVALUATED,,,,,,,,,,OFFLINE_RESEARCH_NOT_FORMAL
graspgenx_052,kcg_3f_preshape_01,7.566337001385648e-10,2355,100060,-0.0128891245 0.0202317184 0.0161666674,CLOSURE_REJECT,,,FAST_REJECT,NO_EFFECTIVE_CONTACT_finger_1_pad,False,REJECTED_BEFORE_DIVERSITY,False,,,,,0,0.0,,,,,,NOT_EVALUATED,,,,,,,,,,OFFLINE_RESEARCH_NOT_FORMAL
graspgenx_053,kcg_3f_preshape_01,6.125419060865056e-10,2457,100120,-0.0187083724 0.0150149502 0.0161666674,CLOSURE_REJECT,,,FAST_REJECT,NO_EFFECTIVE_CONTACT_finger_1_pad,False,REJECTED_BEFORE_DIVERSITY,False,,,,,0,0.0,,,,,,NOT_EVALUATED,,,,,,,,,,OFFLINE_RESEARCH_NOT_FORMAL
graspgenx_054,kcg_3f_preshape_01,5.338651742903266e-10,2577,100120,-0.0187083724 0.0150149502 0.0161666674,CLOSURE_REJECT,,,FAST_REJECT,NO_EFFECTIVE_CONTACT_finger_1_pad,False,REJECTED_BEFORE_DIVERSITY,False,,,,,0,0.0,,,,,,NOT_EVALUATED,,,,,,,,,,OFFLINE_RESEARCH_NOT_FORMAL
graspgenx_055,kcg_3f_preshape_01,5.257688728832477e-10,2259,100060,-0.0128891245 0.0202317184 0.0161666674,CLOSURE_REJECT,,,FAST_REJECT,NO_EFFECTIVE_CONTACT_finger_1_pad,False,REJECTED_BEFORE_DIVERSITY,False,,,,,0,0.0,,,,,,NOT_EVALUATED,,,,,,,,,,OFFLINE_RESEARCH_NOT_FORMAL
graspgenx_056,kcg_3f_preshape_01,5.155444959825672e-10,2247,100060,-0.0128891245 0.0202317184 0.0161666674,CLOSURE_REJECT,,,FAST_REJECT,NO_EFFECTIVE_CONTACT_finger_1_pad,False,REJECTED_BEFORE_DIVERSITY,False,,,,,0,0.0,,,,,,NOT_EVALUATED,,,,,,,,,,OFFLINE_RESEARCH_NOT_FORMAL
graspgenx_057,kcg_3f_preshape_01,7.634008092338718e-09,1611,99772,0.0202317184 0.0128891245 0.0161666674,CLOSURE_REJECT,,,FAST_REJECT,NO_EFFECTIVE_CONTACT_finger_1_pad,False,REJECTED_BEFORE_DIVERSITY,False,,,,,0,0.0,,,,,,NOT_EVALUATED,,,,,,,,,,OFFLINE_RESEARCH_NOT_FORMAL
graspgenx_058,kcg_3f_preshape_01,6.997826762500381e-09,1827,99832,0.0150149502 0.0187083724 0.0161666674,CLOSURE_REJECT,,,FAST_REJECT,NO_EFFECTIVE_CONTACT_finger_1_pad,False,REJECTED_BEFORE_DIVERSITY,False,,,,,0,0.0,,,,,,NOT_EVALUATED,,,,,,,,,,OFFLINE_RESEARCH_NOT_FORMAL
graspgenx_059,kcg_3f_preshape_01,6.735716429062677e-09,1605,99772,0.0202317184 0.0128891245 0.0161666674,CLOSURE_REJECT,,,FAST_REJECT,NO_EFFECTIVE_CONTACT_finger_1_pad,False,REJECTED_BEFORE_DIVERSITY,False,,,,,0,0.0,,,,,,NOT_EVALUATED,,,,,,,,,,OFFLINE_RESEARCH_NOT_FORMAL
graspgenx_060,kcg_3f_preshape_01,6.464603963252102e-09,1821,99832,0.0150149502 0.0187083724 0.0161666674,CLOSURE_REJECT,,,FAST_REJECT,NO_EFFECTIVE_CONTACT_finger_1_pad,False,REJECTED_BEFORE_DIVERSITY,False,,,,,0,0.0,,,,,,NOT_EVALUATED,,,,,,,,,,OFFLINE_RESEARCH_NOT_FORMAL
graspgenx_061,kcg_3f_preshape_01,5.8982601025547865e-09,2037,99916,0.00519199793 0.0234199726 0.0161666674,CLOSURE_REJECT,,,FAST_REJECT,NO_EFFECTIVE_CONTACT_finger_1_pad,False,REJECTED_BEFORE_DIVERSITY,False,,,,,0,0.0,,,,,,NOT_EVALUATED,,,,,,,,,,OFFLINE_RESEARCH_NOT_FORMAL
graspgenx_062,kcg_3f_preshape_01,5.88975002102643e-09,2043,99916,0.00519199793 0.0234199726 0.0161666674,CLOSURE_REJECT,,,FAST_REJECT,NO_EFFECTIVE_CONTACT_finger_1_pad,False,REJECTED_BEFORE_DIVERSITY,False,,,,,0,0.0,,,,,,NOT_EVALUATED,,,,,,,,,,OFFLINE_RESEARCH_NOT_FORMAL
graspgenx_063,kcg_3f_preshape_01,5.454531049053912e-09,1617,99772,0.0202317184 0.0128891245 0.0161666674,CLOSURE_REJECT,,,FAST_REJECT,NO_EFFECTIVE_CONTACT_finger_1_pad,False,REJECTED_BEFORE_DIVERSITY,False,,,,,0,0.0,,,,,,NOT_EVALUATED,,,,,,,,,,OFFLINE_RESEARCH_NOT_FORMAL
graspgenx_064,kcg_3f_preshape_01,5.049853424310413e-09,2157,99916,0.00519199793 0.0234199726 0.0161666674,CLOSURE_REJECT,,,FAST_REJECT,NO_EFFECTIVE_CONTACT_finger_1_pad,False,REJECTED_BEFORE_DIVERSITY,False,,,,,0,0.0,,,,,,NOT_EVALUATED,,,,,,,,,,OFFLINE_RESEARCH_NOT_FORMAL
graspgenx_065,kcg_3f_preshape_01,4.9278519043127744e-09,1833,99832,0.0150149502 0.0187083724 0.0161666674,CLOSURE_REJECT,,,FAST_REJECT,NO_EFFECTIVE_CONTACT_finger_1_pad,False,REJECTED_BEFORE_DIVERSITY,False,,,,,0,0.0,,,,,,NOT_EVALUATED,,,,,,,,,,OFFLINE_RESEARCH_NOT_FORMAL
graspgenx_066,kcg_3f_preshape_01,1.7600203239265255e-10,3021,99676,0.0239657439 0.00104645003 0.0161666674,CLOSURE_REJECT,,,FAST_REJECT,FORBIDDEN_FIRST_CONTACT_FACE_99395,False,REJECTED_BEFORE_DIVERSITY,False,,,,,0,0.0,,,,,,NOT_EVALUATED,,,,,,,,,,OFFLINE_RESEARCH_NOT_FORMAL
graspgenx_067,kcg_3f_preshape_01,1.663828935738465e-10,3015,99676,0.0239657439 0.00104645003 0.0161666674,CLOSURE_REJECT,,,FAST_REJECT,NO_EFFECTIVE_CONTACT_finger_1_pad,False,REJECTED_BEFORE_DIVERSITY,False,,,,,0,0.0,,,,,,NOT_EVALUATED,,,,,,,,,,OFFLINE_RESEARCH_NOT_FORMAL
graspgenx_068,kcg_3f_preshape_01,1.639637314809761e-10,3009,99676,0.0239657439 0.00104645003 0.0161666674,CLOSURE_REJECT,,,FAST_REJECT,NO_EFFECTIVE_CONTACT_finger_1_pad,False,REJECTED_BEFORE_DIVERSITY,False,,,,,0,0.0,,,,,,NOT_EVALUATED,,,,,,,,,,OFFLINE_RESEARCH_NOT_FORMAL
graspgenx_069,kcg_3f_preshape_01,1.3570351786729162e-10,2901,99676,0.0239657439 0.00104645003 0.0161666674,CLOSURE_REJECT,,,FAST_REJECT,NO_EFFECTIVE_CONTACT_finger_1_pad,False,REJECTED_BEFORE_DIVERSITY,False,,,,,0,0.0,,,,,,NOT_EVALUATED,,,,,,,,,,OFFLINE_RESEARCH_NOT_FORMAL
graspgenx_070,kcg_3f_preshape_01,1.3311228508339212e-10,2895,99676,0.0239657439 0.00104645003 0.0161666674,CLOSURE_REJECT,,,FAST_REJECT,NO_EFFECTIVE_CONTACT_finger_1_pad,False,REJECTED_BEFORE_DIVERSITY,False,,,,,0,0.0,,,,,,NOT_EVALUATED,,,,,,,,,,OFFLINE_RESEARCH_NOT_FORMAL
graspgenx_071,kcg_3f_preshape_01,1.3282619448773403e-10,2907,99676,0.0239657439 0.00104645003 0.0161666674,CLOSURE_REJECT,,,FAST_REJECT,NO_EFFECTIVE_CONTACT_finger_1_pad,False,REJECTED_BEFORE_DIVERSITY,False,,,,,0,0.0,,,,,,NOT_EVALUATED,,,,,,,,,,OFFLINE_RESEARCH_NOT_FORMAL
graspgenx_072,kcg_3f_preshape_01,1.247496411727056e-10,2913,99676,0.0239657439 0.00104645003 0.0161666674,CLOSURE_REJECT,,,FAST_REJECT,NO_EFFECTIVE_CONTACT_finger_1_pad,False,REJECTED_BEFORE_DIVERSITY,False,,,,,0,0.0,,,,,,NOT_EVALUATED,,,,,,,,,,OFFLINE_RESEARCH_NOT_FORMAL
graspgenx_073,kcg_3f_preshape_01,1.030245611044478e-10,3003,99676,0.0239657439 0.00104645003 0.0161666674,CLOSURE_REJECT,,,FAST_REJECT,NO_EFFECTIVE_CONTACT_finger_1_pad,False,REJECTED_BEFORE_DIVERSITY,False,,,,,0,0.0,,,,,,NOT_EVALUATED,,,,,,,,,,OFFLINE_RESEARCH_NOT_FORMAL
graspgenx_074,kcg_3f_preshape_01,1.0220448098952062e-10,3237,100756,0.0225419189 -0.00820449932 0.0161666674,CLOSURE_REJECT,,,FAST_REJECT,FORBIDDEN_FIRST_CONTACT_FACE_99394,False,REJECTED_BEFORE_DIVERSITY,False,,,,,0,0.0,,,,,,NOT_EVALUATED,,,,,,,,,,OFFLINE_RESEARCH_NOT_FORMAL
graspgenx_075,kcg_3f_preshape_01,2.3090848677576048e-11,1071,100540,0.00104645003 -0.0239657439 0.0161666674,CLOSURE_REJECT,,,FAST_REJECT,NO_EFFECTIVE_CONTACT_finger_1_pad,False,REJECTED_BEFORE_DIVERSITY,False,,,,,0,0.0,,,,,,NOT_EVALUATED,,,,,,,,,,OFFLINE_RESEARCH_NOT_FORMAL
graspgenx_076,kcg_3f_preshape_01,2.1618859480376784e-11,969,100540,0.00104645003 -0.0239657439 0.0161666674,CLOSURE_REJECT,,,FAST_REJECT,NO_EFFECTIVE_CONTACT_finger_1_pad,False,REJECTED_BEFORE_DIVERSITY,False,,,,,0,0.0,,,,,,NOT_EVALUATED,,,,,,,,,,OFFLINE_RESEARCH_NOT_FORMAL
graspgenx_077,kcg_3f_preshape_01,2.1552983356376565e-11,963,100540,0.00104645003 -0.0239657439 0.0161666674,CLOSURE_REJECT,,,FAST_REJECT,NO_EFFECTIVE_CONTACT_finger_1_pad,False,REJECTED_BEFORE_DIVERSITY,False,,,,,0,0.0,,,,,,NOT_EVALUATED,,,,,,,,,,OFFLINE_RESEARCH_NOT_FORMAL
graspgenx_078,kcg_3f_preshape_01,2.134291875177663e-11,1395,100396,-0.0162063886 -0.0176862922 0.0161666674,CLOSURE_REJECT,,,FAST_REJECT,NO_EFFECTIVE_CONTACT_finger_1_pad,False,REJECTED_BEFORE_DIVERSITY,False,,,,,0,0.0,,,,,,NOT_EVALUATED,,,,,,,,,,OFFLINE_RESEARCH_NOT_FORMAL
graspgenx_079,kcg_3f_preshape_01,2.0756816404565726e-11,1077,100540,0.00104645003 -0.0239657439 0.0161666674,CLOSURE_REJECT,,,FAST_REJECT,FORBIDDEN_FIRST_CONTACT_FACE_99106,False,REJECTED_BEFORE_DIVERSITY,False,,,,,0,0.0,,,,,,NOT_EVALUATED,,,,,,,,,,OFFLINE_RESEARCH_NOT_FORMAL
graspgenx_080,kcg_3f_preshape_01,1.9759766739513296e-11,1401,100396,-0.0162063886 -0.0176862922 0.0161666674,CLOSURE_REJECT,,,FAST_REJECT,NO_EFFECTIVE_CONTACT_finger_1_pad,False,REJECTED_BEFORE_DIVERSITY,False,,,,,0,0.0,,,,,,NOT_EVALUATED,,,,,,,,,,OFFLINE_RESEARCH_NOT_FORMAL
graspgenx_081,kcg_3f_preshape_01,1.9539805537482913e-11,957,100540,0.00104645003 -0.0239657439 0.0161666674,CLOSURE_REJECT,,,FAST_REJECT,NO_EFFECTIVE_CONTACT_finger_1_pad,False,REJECTED_BEFORE_DIVERSITY,False,,,,,0,0.0,,,,,,NOT_EVALUATED,,,,,,,,,,OFFLINE_RESEARCH_NOT_FORMAL
graspgenx_082,kcg_3f_preshape_01,1.935050557289042e-11,1287,100468,-0.00820449932 -0.0225419189 0.0161666674,CLOSURE_REJECT,,,FAST_REJECT,NO_EFFECTIVE_CONTACT_finger_1_pad,False,REJECTED_BEFORE_DIVERSITY,False,,,,,0,0.0,,,,,,NOT_EVALUATED,,,,,,,,,,OFFLINE_RESEARCH_NOT_FORMAL
graspgenx_083,kcg_3f_preshape_01,1.9167062034752824e-11,1179,100468,-0.00820449932 -0.0225419189 0.0161666674,CLOSURE_REJECT,,,FAST_REJECT,NO_EFFECTIVE_CONTACT_finger_1_pad,False,REJECTED_BEFORE_DIVERSITY,False,,,,,0,0.0,,,,,,NOT_EVALUATED,,,,,,,,,,OFFLINE_RESEARCH_NOT_FORMAL
graspgenx_084,kcg_3f_preshape_01,4.946982753994966e-11,303,16850,0.00726429433 0.0125843149 0.000360000021,CLOSURE_REJECT,,,FAST_REJECT,NO_EFFECTIVE_CONTACT_finger_1_pad,False,REJECTED_BEFORE_DIVERSITY,False,,,,,0,0.0,,,,,,NOT_EVALUATED,,,,,,,,,,OFFLINE_RESEARCH_NOT_FORMAL
graspgenx_085,kcg_3f_preshape_01,3.777410675920301e-11,519,81596,0.00173749543 0.00292556546 0.000140000007,CLOSURE_REJECT,,,FAST_REJECT,NO_EFFECTIVE_CONTACT_finger_1_pad,False,REJECTED_BEFORE_DIVERSITY,False,,,,,0,0.0,,,,,,NOT_EVALUATED,,,,,,,,,,OFFLINE_RESEARCH_NOT_FORMAL
graspgenx_086,kcg_3f_preshape_01,3.231440115492035e-11,309,16850,0.00726429433 0.0125843149 0.000360000021,CLOSURE_REJECT,,,FAST_REJECT,NO_EFFECTIVE_CONTACT_finger_1_pad,False,REJECTED_BEFORE_DIVERSITY,False,,,,,0,0.0,,,,,,NOT_EVALUATED,,,,,,,,,,OFFLINE_RESEARCH_NOT_FORMAL
graspgenx_087,kcg_3f_preshape_01,2.745135715964686e-11,735,58790,-0.00276099051 -0.00515806318 0.000161666674,CLOSURE_REJECT,99581,0.021349138 -0.0109438458 0.00716698543,FAST_REJECT,FORBIDDEN_FIRST_CONTACT_FACE_100094,False,REJECTED_BEFORE_DIVERSITY,False,,,,,0,0.0,,,,,,NOT_EVALUATED,,,,,,,,,,OFFLINE_RESEARCH_NOT_FORMAL
graspgenx_088,kcg_3f_preshape_01,2.6195868391143406e-11,297,16850,0.00726429433 0.0125843149 0.000360000021,CLOSURE_REJECT,,,FAST_REJECT,NO_EFFECTIVE_CONTACT_finger_1_pad,False,REJECTED_BEFORE_DIVERSITY,False,,,,,0,0.0,,,,,,NOT_EVALUATED,,,,,,,,,,OFFLINE_RESEARCH_NOT_FORMAL
graspgenx_089,kcg_3f_preshape_01,2.5577817641675438e-11,525,81596,0.00173749543 0.00292556546 0.000140000007,CLOSURE_REJECT,,,FAST_REJECT,NO_EFFECTIVE_CONTACT_finger_1_pad,False,REJECTED_BEFORE_DIVERSITY,False,,,,,0,0.0,,,,,,NOT_EVALUATED,,,,,,,,,,OFFLINE_RESEARCH_NOT_FORMAL
graspgenx_090,kcg_3f_preshape_01,2.5018022375977722e-11,357,16850,0.00726429433 0.0125843149 0.000360000021,CLOSURE_REJECT,,,FAST_REJECT,NO_EFFECTIVE_CONTACT_finger_1_pad,False,REJECTED_BEFORE_DIVERSITY,False,,,,,0,0.0,,,,,,NOT_EVALUATED,,,,,,,,,,OFFLINE_RESEARCH_NOT_FORMAL
graspgenx_091,kcg_3f_preshape_01,2.2422589826542882e-11,351,16850,0.00726429433 0.0125843149 0.000360000021,CLOSURE_REJECT,,,FAST_REJECT,NO_EFFECTIVE_CONTACT_finger_1_pad,False,REJECTED_BEFORE_DIVERSITY,False,,,,,0,0.0,,,,,,NOT_EVALUATED,,,,,,,,,,OFFLINE_RESEARCH_NOT_FORMAL
graspgenx_092,kcg_3f_preshape_01,2.2401643040570463e-11,315,16850,0.00726429433 0.0125843149 0.000360000021,CLOSURE_REJECT,,,FAST_REJECT,NO_EFFECTIVE_CONTACT_finger_1_pad,False,REJECTED_BEFORE_DIVERSITY,False,,,,,0,0.0,,,,,,NOT_EVALUATED,,,,,,,,,,OFFLINE_RESEARCH_NOT_FORMAL
graspgenx_093,kcg_3f_preshape_02,0.9820804595947266,0,98021,0.000288779013 0.0130506828 0.0303,CLOSURE_REJECT,,,FAST_REJECT,NO_EFFECTIVE_CONTACT_finger_1_pad,False,REJECTED_BEFORE_DIVERSITY,False,,,,,0,0.0,,,,,,NOT_EVALUATED,,,,,,,,,,OFFLINE_RESEARCH_NOT_FORMAL
graspgenx_094,kcg_3f_preshape_02,0.9794957041740417,1,6751,0.0184995234 0.00329968285 0.0305000014,CLOSURE_REJECT,,,FAST_REJECT,FORBIDDEN_FIRST_CONTACT_FACE_100608,False,REJECTED_BEFORE_DIVERSITY,False,,,,,0,0.0,,,,,,NOT_EVALUATED,,,,,,,,,,OFFLINE_RESEARCH_NOT_FORMAL
graspgenx_095,kcg_3f_preshape_02,0.979152262210846,2,98759,0.00523278786 0.0212894952 -0.00200000009,CLOSURE_REJECT,,,FAST_REJECT,NO_EFFECTIVE_CONTACT_finger_1_pad,False,REJECTED_BEFORE_DIVERSITY,False,,,,,0,0.0,,,,,,NOT_EVALUATED,,,,,,,,,,OFFLINE_RESEARCH_NOT_FORMAL
graspgenx_096,kcg_3f_preshape_02,0.9781007766723633,3,97961,0.0127357065 0.00286452344 0.0303,CLOSURE_REJECT,,,FAST_REJECT,FORBIDDEN_FIRST_CONTACT_FACE_100369,False,REJECTED_BEFORE_DIVERSITY,False,,,,,0,0.0,,,,,,NOT_EVALUATED,,,,,,,,,,OFFLINE_RESEARCH_NOT_FORMAL
graspgenx_097,kcg_3f_preshape_02,0.9777886271476746,4,99840,0.0139006567 0.0189751793 0.0305000014,CLOSURE_REJECT,,,FAST_REJECT,NO_EFFECTIVE_CONTACT_finger_1_pad,False,REJECTED_BEFORE_DIVERSITY,False,,,,,0,0.0,,,,,,NOT_EVALUATED,,,,,,,,,,OFFLINE_RESEARCH_NOT_FORMAL
graspgenx_098,kcg_3f_preshape_02,0.9750158190727234,5,98013,0.00258208202 0.012795959 0.0303,CLOSURE_REJECT,,,FAST_REJECT,NO_EFFECTIVE_CONTACT_finger_1_pad,False,REJECTED_BEFORE_DIVERSITY,False,,,,,0,0.0,,,,,,NOT_EVALUATED,,,,,,,,,,OFFLINE_RESEARCH_NOT_FORMAL
graspgenx_099,kcg_3f_preshape_02,0.9727382659912109,7,6871,0.0126679392 0.0138796107 0.0305000014,CLOSURE_REJECT,,,FAST_REJECT,NO_EFFECTIVE_CONTACT_finger_1_pad,False,REJECTED_BEFORE_DIVERSITY,False,,,,,0,0.0,,,,,,NOT_EVALUATED,,,,,,,,,,OFFLINE_RESEARCH_NOT_FORMAL
graspgenx_100,kcg_3f_preshape_02,0.9686601758003235,9,99976,-0.00261164439 0.023845991 0.0161666674,CLOSURE_REJECT,,,FAST_REJECT,NO_EFFECTIVE_CONTACT_finger_1_pad,False,REJECTED_BEFORE_DIVERSITY,False,,,,,0,0.0,,,,,,NOT_EVALUATED,,,,,,,,,,OFFLINE_RESEARCH_NOT_FORMAL
graspgenx_101,kcg_3f_preshape_02,0.9669596552848816,10,98065,-0.0106282958 0.00757911889 0.0303,CLOSURE_REJECT,,,FAST_REJECT,FORBIDDEN_FIRST_CONTACT_FACE_6847,False,REJECTED_BEFORE_DIVERSITY,False,,,,,0,0.0,,,,,,NOT_EVALUATED,,,,,,,,,,OFFLINE_RESEARCH_NOT_FORMAL
graspgenx_102,kcg_3f_preshape_02,0.9863895773887634,1851,99940,0.00209065972 0.0238973031 0.0161666674,CLOSURE_REJECT,,,FAST_REJECT,FORBIDDEN_FIRST_CONTACT_FACE_99685,False,REJECTED_BEFORE_DIVERSITY,False,,,,,0,0.0,,,,,,NOT_EVALUATED,,,,,,,,,,OFFLINE_RESEARCH_NOT_FORMAL
graspgenx_103,kcg_3f_preshape_02,0.9861209988594055,2067,100012,-0.00721358413 0.0228782894 0.0161666674,CLOSURE_REJECT,,,FAST_REJECT,FORBIDDEN_FIRST_CONTACT_FACE_99687,False,REJECTED_BEFORE_DIVERSITY,False,,,,,0,0.0,,,,,,NOT_EVALUATED,,,,,,,,,,OFFLINE_RESEARCH_NOT_FORMAL
graspgenx_104,kcg_3f_preshape_02,0.9854515194892883,1635,99868,0.01107662 0.0212781687 0.0161666674,CLOSURE_REJECT,,,FAST_REJECT,NO_EFFECTIVE_CONTACT_finger_1_pad,False,REJECTED_BEFORE_DIVERSITY,False,,,,,0,0.0,,,,,,NOT_EVALUATED,,,,,,,,,,OFFLINE_RESEARCH_NOT_FORMAL
graspgenx_105,kcg_3f_preshape_02,0.9853945970535278,1953,99940,0.00209065972 0.0238973031 0.0161666674,CLOSURE_REJECT,,,FAST_REJECT,FORBIDDEN_FIRST_CONTACT_FACE_99099,False,REJECTED_BEFORE_DIVERSITY,False,,,,,0,0.0,,,,,,NOT_EVALUATED,,,,,,,,,,OFFLINE_RESEARCH_NOT_FORMAL
graspgenx_106,kcg_3f_preshape_02,0.9851731061935425,1959,99940,0.00209065972 0.0238973031 0.0161666674,CLOSURE_REJECT,99053,-0.0233226382 0.00560944275 0.00547463551,FAST_REJECT,NO_EFFECTIVE_CONTACT_finger_2_pad,False,REJECTED_BEFORE_DIVERSITY,False,,,,,0,0.0,,,,,,NOT_EVALUATED,,,,,,,,,,OFFLINE_RESEARCH_NOT_FORMAL
graspgenx_107,kcg_3f_preshape_02,0.9850218892097473,1941,99940,0.00209065972 0.0238973031 0.0161666674,CLOSURE_REJECT,100229,-0.0238913242 0.00215136478 0.0224982754,FAST_REJECT,NO_EFFECTIVE_CONTACT_finger_2_pad,False,REJECTED_BEFORE_DIVERSITY,False,,,,,0,0.0,,,,,,NOT_EVALUATED,,,,,,,,,,OFFLINE_RESEARCH_NOT_FORMAL
graspgenx_108,kcg_3f_preshape_02,0.984941840171814,1845,99940,0.00209065972 0.0238973031 0.0161666674,CLOSURE_REJECT,,,FAST_REJECT,FORBIDDEN_FIRST_CONTACT_FACE_99756,False,REJECTED_BEFORE_DIVERSITY,False,,,,,0,0.0,,,,,,NOT_EVALUATED,,,,,,,,,,OFFLINE_RESEARCH_NOT_FORMAL
graspgenx_109,kcg_3f_preshape_02,0.9849041700363159,1857,99940,0.00209065972 0.0238973031 0.0161666674,CLOSURE_REJECT,,,FAST_REJECT,FORBIDDEN_FIRST_CONTACT_FACE_99708,False,REJECTED_BEFORE_DIVERSITY,False,,,,,0,0.0,,,,,,NOT_EVALUATED,,,,,,,,,,OFFLINE_RESEARCH_NOT_FORMAL
graspgenx_110,kcg_3f_preshape_02,0.9848374724388123,1629,99868,0.01107662 0.0212781687 0.0161666674,CLOSURE_REJECT,,,FAST_REJECT,NO_EFFECTIVE_CONTACT_finger_1_pad,False,REJECTED_BEFORE_DIVERSITY,False,,,,,0,0.0,,,,,,NOT_EVALUATED,,,,,,,,,,OFFLINE_RESEARCH_NOT_FORMAL
graspgenx_111,kcg_3f_preshape_02,0.9310402870178223,3015,99772,0.0202317184 0.0128891245 0.0161666674,CLOSURE_REJECT,,,FAST_REJECT,FORBIDDEN_FIRST_CONTACT_FACE_99446,False,REJECTED_BEFORE_DIVERSITY,False,,,,,0,0.0,,,,,,NOT_EVALUATED,,,,,,,,,,OFFLINE_RESEARCH_NOT_FORMAL
graspgenx_112,kcg_3f_preshape_02,0.9252766370773315,3027,99772,0.0202317184 0.0128891245 0.0161666674,CLOSURE_REJECT,99388,0.000972391445 -0.0239681683 -0.00161513932,FAST_REJECT,NO_EFFECTIVE_CONTACT_finger_2_pad,False,REJECTED_BEFORE_DIVERSITY,False,,,,,0,0.0,,,,,,NOT_EVALUATED,,,,,,,,,,OFFLINE_RESEARCH_NOT_FORMAL
graspgenx_113,kcg_3f_preshape_02,0.9247151613235474,3009,99772,0.0202317184 0.0128891245 0.0161666674,CLOSURE_REJECT,,,FAST_REJECT,FORBIDDEN_FIRST_CONTACT_FACE_3202,False,REJECTED_BEFORE_DIVERSITY,False,,,,,0,0.0,,,,,,NOT_EVALUATED,,,,,,,,,,OFFLINE_RESEARCH_NOT_FORMAL
graspgenx_114,kcg_3f_preshape_02,0.9239487051963806,3021,99772,0.0202317184 0.0128891245 0.0161666674,CLOSURE_REJECT,99388,0.000159255981 -0.0239947876 -0.00174029518,FAST_REJECT,NO_EFFECTIVE_CONTACT_finger_2_pad,False,REJECTED_BEFORE_DIVERSITY,False,,,,,0,0.0,,,,,,NOT_EVALUATED,,,,,,,,,,OFFLINE_RESEARCH_NOT_FORMAL
graspgenx_115,kcg_3f_preshape_02,0.903205156326294,3231,99712,0.0233010971 0.00570182764 0.0161666674,CLOSURE_REJECT,,,FAST_REJECT,FORBIDDEN_FIRST_CONTACT_FACE_99430,False,REJECTED_BEFORE_DIVERSITY,False,,,,,0,0.0,,,,,,NOT_EVALUATED,,,,,,,,,,OFFLINE_RESEARCH_NOT_FORMAL
graspgenx_116,kcg_3f_preshape_02,0.9028511643409729,3003,99772,0.0202317184 0.0128891245 0.0161666674,CLOSURE_REJECT,,,FAST_REJECT,NO_EFFECTIVE_CONTACT_finger_1_pad,False,REJECTED_BEFORE_DIVERSITY,False,,,,,0,0.0,,,,,,NOT_EVALUATED,,,,,,,,,,OFFLINE_RESEARCH_NOT_FORMAL
graspgenx_117,kcg_3f_preshape_02,0.9000887870788574,2901,99772,0.0202317184 0.0128891245 0.0161666674,CLOSURE_REJECT,,,FAST_REJECT,NO_EFFECTIVE_CONTACT_finger_1_pad,False,REJECTED_BEFORE_DIVERSITY,False,,,,,0,0.0,,,,,,NOT_EVALUATED,,,,,,,,,,OFFLINE_RESEARCH_NOT_FORMAL
graspgenx_118,kcg_3f_preshape_02,0.8951423168182373,3225,99712,0.0233010971 0.00570182764 0.0161666674,CLOSURE_REJECT,,,FAST_REJECT,FORBIDDEN_FIRST_CONTACT_FACE_99375,False,REJECTED_BEFORE_DIVERSITY,False,,,,,0,0.0,,,,,,NOT_EVALUATED,,,,,,,,,,OFFLINE_RESEARCH_NOT_FORMAL
graspgenx_119,kcg_3f_preshape_02,0.894952118396759,2907,99772,0.0202317184 0.0128891245 0.0161666674,CLOSURE_REJECT,,,FAST_REJECT,NO_EFFECTIVE_CONTACT_finger_1_pad,False,REJECTED_BEFORE_DIVERSITY,False,,,,,0,0.0,,,,,,NOT_EVALUATED,,,,,,,,,,OFFLINE_RESEARCH_NOT_FORMAL
graspgenx_120,kcg_3f_preshape_02,0.14960473775863647,1551,100492,-0.00519199793 -0.0234199726 0.0161666674,CLOSURE_REJECT,,,FAST_REJECT,NO_EFFECTIVE_CONTACT_finger_1_pad,False,REJECTED_BEFORE_DIVERSITY,False,,,,,0,0.0,,,,,,NOT_EVALUATED,,,,,,,,,,OFFLINE_RESEARCH_NOT_FORMAL
graspgenx_121,kcg_3f_preshape_02,0.13800597190856934,1473,100492,-0.00519199793 -0.0234199726 0.0161666674,CLOSURE_REJECT,,,FAST_REJECT,NO_EFFECTIVE_CONTACT_finger_1_pad,False,REJECTED_BEFORE_DIVERSITY,False,,,,,0,0.0,,,,,,NOT_EVALUATED,,,,,,,,,,OFFLINE_RESEARCH_NOT_FORMAL
graspgenx_122,kcg_3f_preshape_02,0.1378672868013382,1545,100492,-0.00519199793 -0.0234199726 0.0161666674,CLOSURE_REJECT,,,FAST_REJECT,NO_EFFECTIVE_CONTACT_finger_1_pad,False,REJECTED_BEFORE_DIVERSITY,False,,,,,0,0.0,,,,,,NOT_EVALUATED,,,,,,,,,,OFFLINE_RESEARCH_NOT_FORMAL
graspgenx_123,kcg_3f_preshape_02,0.13609613478183746,1365,100492,-0.00519199793 -0.0234199726 0.0161666674,CLOSURE_REJECT,,,FAST_REJECT,NO_EFFECTIVE_CONTACT_finger_1_pad,False,REJECTED_BEFORE_DIVERSITY,False,,,,,0,0.0,,,,,,NOT_EVALUATED,,,,,,,,,,OFFLINE_RESEARCH_NOT_FORMAL
graspgenx_124,kcg_3f_preshape_02,0.13033463060855865,1539,100492,-0.00519199793 -0.0234199726 0.0161666674,CLOSURE_REJECT,,,FAST_REJECT,NO_EFFECTIVE_CONTACT_finger_1_pad,False,REJECTED_BEFORE_DIVERSITY,False,,,,,0,0.0,,,,,,NOT_EVALUATED,,,,,,,,,,OFFLINE_RESEARCH_NOT_FORMAL
graspgenx_125,kcg_3f_preshape_02,0.1286105513572693,1341,100492,-0.00519199793 -0.0234199726 0.0161666674,CLOSURE_REJECT,,,FAST_REJECT,NO_EFFECTIVE_CONTACT_finger_1_pad,False,REJECTED_BEFORE_DIVERSITY,False,,,,,0,0.0,,,,,,NOT_EVALUATED,,,,,,,,,,OFFLINE_RESEARCH_NOT_FORMAL
graspgenx_126,kcg_3f_preshape_02,0.12753085792064667,1347,100492,-0.00519199793 -0.0234199726 0.0161666674,CLOSURE_REJECT,,,FAST_REJECT,NO_EFFECTIVE_CONTACT_finger_1_pad,False,REJECTED_BEFORE_DIVERSITY,False,,,,,0,0.0,,,,,,NOT_EVALUATED,,,,,,,,,,OFFLINE_RESEARCH_NOT_FORMAL
graspgenx_127,kcg_3f_preshape_02,0.12745843827724457,1503,100492,-0.00519199793 -0.0234199726 0.0161666674,CLOSURE_REJECT,,,FAST_REJECT,NO_EFFECTIVE_CONTACT_finger_1_pad,False,REJECTED_BEFORE_DIVERSITY,False,,,,,0,0.0,,,,,,NOT_EVALUATED,,,,,,,,,,OFFLINE_RESEARCH_NOT_FORMAL
graspgenx_128,kcg_3f_preshape_02,0.12725470960140228,1359,100492,-0.00519199793 -0.0234199726 0.0161666674,CLOSURE_REJECT,,,FAST_REJECT,NO_EFFECTIVE_CONTACT_finger_1_pad,False,REJECTED_BEFORE_DIVERSITY,False,,,,,0,0.0,,,,,,NOT_EVALUATED,,,,,,,,,,OFFLINE_RESEARCH_NOT_FORMAL
graspgenx_129,kcg_3f_preshape_02,0.8030372262001038,2349,100156,-0.0212781687 0.01107662 0.0161666674,CLOSURE_REJECT,,,FAST_REJECT,NO_EFFECTIVE_CONTACT_finger_1_pad,False,REJECTED_BEFORE_DIVERSITY,False,,,,,0,0.0,,,,,,NOT_EVALUATED,,,,,,,,,,OFFLINE_RESEARCH_NOT_FORMAL
graspgenx_130,kcg_3f_preshape_02,0.7815960049629211,2355,100156,-0.0212781687 0.01107662 0.0161666674,CLOSURE_REJECT,,,FAST_REJECT,NO_EFFECTIVE_CONTACT_finger_1_pad,False,REJECTED_BEFORE_DIVERSITY,False,,,,,0,0.0,,,,,,NOT_EVALUATED,,,,,,,,,,OFFLINE_RESEARCH_NOT_FORMAL
graspgenx_131,kcg_3f_preshape_02,0.7715485692024231,2367,100156,-0.0212781687 0.01107662 0.0161666674,CLOSURE_REJECT,,,FAST_REJECT,FORBIDDEN_FIRST_CONTACT_FACE_100489,False,REJECTED_BEFORE_DIVERSITY,False,,,,,0,0.0,,,,,,NOT_EVALUATED,,,,,,,,,,OFFLINE_RESEARCH_NOT_FORMAL
graspgenx_132,kcg_3f_preshape_02,0.7539877891540527,2361,100156,-0.0212781687 0.01107662 0.0161666674,CLOSURE_REJECT,,,FAST_REJECT,FORBIDDEN_FIRST_CONTACT_FACE_7623,False,REJECTED_BEFORE_DIVERSITY,False,,,,,0,0.0,,,,,,NOT_EVALUATED,,,,,,,,,,OFFLINE_RESEARCH_NOT_FORMAL
graspgenx_133,kcg_3f_preshape_02,0.74043208360672,2343,100156,-0.0212781687 0.01107662 0.0161666674,CLOSURE_REJECT,,,FAST_REJECT,NO_EFFECTIVE_CONTACT_finger_1_pad,False,REJECTED_BEFORE_DIVERSITY,False,,,,,0,0.0,,,,,,NOT_EVALUATED,,,,,,,,,,OFFLINE_RESEARCH_NOT_FORMAL
graspgenx_134,kcg_3f_preshape_02,0.7399750351905823,2373,100156,-0.0212781687 0.01107662 0.0161666674,CLOSURE_REJECT,,,FAST_REJECT,FORBIDDEN_FIRST_CONTACT_FACE_7575,False,REJECTED_BEFORE_DIVERSITY,False,,,,,0,0.0,,,,,,NOT_EVALUATED,,,,,,,,,,OFFLINE_RESEARCH_NOT_FORMAL
graspgenx_135,kcg_3f_preshape_02,0.7237875461578369,2229,100156,-0.0212781687 0.01107662 0.0161666674,CLOSURE_REJECT,,,FAST_REJECT,NO_EFFECTIVE_CONTACT_finger_1_pad,False,REJECTED_BEFORE_DIVERSITY,False,,,,,0,0.0,,,,,,NOT_EVALUATED,,,,,,,,,,OFFLINE_RESEARCH_NOT_FORMAL
graspgenx_136,kcg_3f_preshape_02,0.7222117185592651,2235,100156,-0.0212781687 0.01107662 0.0161666674,CLOSURE_REJECT,,,FAST_REJECT,NO_EFFECTIVE_CONTACT_finger_1_pad,False,REJECTED_BEFORE_DIVERSITY,False,,,,,0,0.0,,,,,,NOT_EVALUATED,,,,,,,,,,OFFLINE_RESEARCH_NOT_FORMAL
graspgenx_137,kcg_3f_preshape_02,0.7085471153259277,2241,100156,-0.0212781687 0.01107662 0.0161666674,CLOSURE_REJECT,,,FAST_REJECT,NO_EFFECTIVE_CONTACT_finger_1_pad,False,REJECTED_BEFORE_DIVERSITY,False,,,,,0,0.0,,,,,,NOT_EVALUATED,,,,,,,,,,OFFLINE_RESEARCH_NOT_FORMAL
graspgenx_138,kcg_3f_preshape_02,0.9016031622886658,441,18590,-0.00109554701 0.0136878777 0.000161666674,CLOSURE_REJECT,100492,-0.00546706198 -0.0233558367 0.0176924643,FAST_REJECT,NO_EFFECTIVE_CONTACT_finger_2_pad,False,REJECTED_BEFORE_DIVERSITY,False,,,,,0,0.0,,,,,,NOT_EVALUATED,,,,,,,,,,OFFLINE_RESEARCH_NOT_FORMAL
graspgenx_139,kcg_3f_preshape_02,0.8678512573242188,657,62702,-0.000506137018 0.00432560973 0.000161666674,CLOSURE_REJECT,100576,0.00588536474 -0.0232583023 0.0165206893,FAST_REJECT,NO_EFFECTIVE_CONTACT_finger_2_pad,False,REJECTED_BEFORE_DIVERSITY,False,,,,,0,0.0,,,,,,NOT_EVALUATED,,,,,,,,,,OFFLINE_RESEARCH_NOT_FORMAL
graspgenx_140,kcg_3f_preshape_02,0.8638300895690918,435,18590,-0.00109554701 0.0136878777 0.000161666674,CLOSURE_REJECT,,,FAST_REJECT,FORBIDDEN_FIRST_CONTACT_FACE_7504,False,REJECTED_BEFORE_DIVERSITY,False,,,,,0,0.0,,,,,,NOT_EVALUATED,,,,,,,,,,OFFLINE_RESEARCH_NOT_FORMAL
graspgenx_141,kcg_3f_preshape_02,0.8564097285270691,345,18590,-0.00109554701 0.0136878777 0.000161666674,CLOSURE_REJECT,,,FAST_REJECT,NO_EFFECTIVE_CONTACT_finger_1_pad,False,REJECTED_BEFORE_DIVERSITY,False,,,,,0,0.0,,,,,,NOT_EVALUATED,,,,,,,,,,OFFLINE_RESEARCH_NOT_FORMAL
graspgenx_142,kcg_3f_preshape_02,0.854619026184082,873,59944,0.000354792353 -0.00621834753 0.000140000007,CLOSURE_REJECT,,,FAST_REJECT,NO_EFFECTIVE_CONTACT_finger_1_pad,False,REJECTED_BEFORE_DIVERSITY,False,,,,,0,0.0,,,,,,NOT_EVALUATED,,,,,,,,,,OFFLINE_RESEARCH_NOT_FORMAL
graspgenx_143,kcg_3f_preshape_02,0.8447279334068298,447,18590,-0.00109554701 0.0136878777 0.000161666674,CLOSURE_REJECT,100540,0.00122182277 -0.0239600028 0.0119440734,FAST_REJECT,NO_EFFECTIVE_CONTACT_finger_2_pad,False,REJECTED_BEFORE_DIVERSITY,False,,,,,0,0.0,,,,,,NOT_EVALUATED,,,,,,,,,,OFFLINE_RESEARCH_NOT_FORMAL
graspgenx_144,kcg_3f_preshape_02,0.8253771066665649,405,18590,-0.00109554701 0.0136878777 0.000161666674,CLOSURE_REJECT,,,FAST_REJECT,FORBIDDEN_FIRST_CONTACT_FACE_5038,False,REJECTED_BEFORE_DIVERSITY,False,,,,,0,0.0,,,,,,NOT_EVALUATED,,,,,,,,,,OFFLINE_RESEARCH_NOT_FORMAL
graspgenx_145,kcg_3f_preshape_02,0.8241671919822693,351,18590,-0.00109554701 0.0136878777 0.000161666674,CLOSURE_REJECT,,,FAST_REJECT,NO_EFFECTIVE_CONTACT_finger_1_pad,False,REJECTED_BEFORE_DIVERSITY,False,,,,,0,0.0,,,,,,NOT_EVALUATED,,,,,,,,,,OFFLINE_RESEARCH_NOT_FORMAL
graspgenx_146,kcg_3f_preshape_02,0.8111893534660339,651,62702,-0.000506137018 0.00432560973 0.000161666674,CLOSURE_REJECT,100540,0.00110356349 -0.0239638742 0.0165206893,FAST_REJECT,NO_EFFECTIVE_CONTACT_finger_2_pad,False,REJECTED_BEFORE_DIVERSITY,False,,,,,0,0.0,,,,,,NOT_EVALUATED,,,,,,,,,,OFFLINE_RESEARCH_NOT_FORMAL
graspgenx_147,kcg_3f_preshape_03,2.0316720528157362e-10,255,100793,0.023624125 -0.00416565518 0.0233333344,CLOSURE_REJECT,,,FAST_REJECT,NO_EFFECTIVE_CONTACT_finger_1_pad,False,REJECTED_BEFORE_DIVERSITY,False,,,,,0,0.0,,,,,,NOT_EVALUATED,,,,,,,,,,OFFLINE_RESEARCH_NOT_FORMAL
graspgenx_148,kcg_3f_preshape_03,2.0348821294646768e-07,1605,100132,-0.0196503413 0.013759216 0.0161666674,CLOSURE_REJECT,,,FAST_REJECT,NO_EFFECTIVE_CONTACT_finger_1_pad,False,REJECTED_BEFORE_DIVERSITY,False,,,,,0,0.0,,,,,,NOT_EVALUATED,,,,,,,,,,OFFLINE_RESEARCH_NOT_FORMAL
graspgenx_149,kcg_3f_preshape_03,1.1585444781303522e-07,1611,100132,-0.0196503413 0.013759216 0.0161666674,CLOSURE_REJECT,,,FAST_REJECT,NO_EFFECTIVE_CONTACT_finger_1_pad,False,REJECTED_BEFORE_DIVERSITY,False,,,,,0,0.0,,,,,,NOT_EVALUATED,,,,,,,,,,OFFLINE_RESEARCH_NOT_FORMAL
graspgenx_150,kcg_3f_preshape_03,1.1448057790630628e-07,1617,100132,-0.0196503413 0.013759216 0.0161666674,CLOSURE_REJECT,,,FAST_REJECT,NO_EFFECTIVE_CONTACT_finger_1_pad,False,REJECTED_BEFORE_DIVERSITY,False,,,,,0,0.0,,,,,,NOT_EVALUATED,,,,,,,,,,OFFLINE_RESEARCH_NOT_FORMAL
graspgenx_151,kcg_3f_preshape_03,8.915127125419531e-08,1725,100132,-0.0196503413 0.013759216 0.0161666674,CLOSURE_REJECT,100469,-0.00889798125 -0.0222809113 0.0215114337,FAST_REJECT,NO_EFFECTIVE_CONTACT_finger_2_pad,False,REJECTED_BEFORE_DIVERSITY,False,,,,,0,0.0,,,,,,NOT_EVALUATED,,,,,,,,,,OFFLINE_RESEARCH_NOT_FORMAL
graspgenx_152,kcg_3f_preshape_03,8.576161292239703e-08,1821,100192,-0.0230302555 0.00671262074 0.0161666674,CLOSURE_REJECT,98873,-0.00810802588 0.0225782288 0.00625506418,FAST_REJECT,NO_EFFECTIVE_CONTACT_finger_2_pad,False,REJECTED_BEFORE_DIVERSITY,False,,,,,0,0.0,,,,,,NOT_EVALUATED,,,,,,,,,,OFFLINE_RESEARCH_NOT_FORMAL
graspgenx_153,kcg_3f_preshape_03,7.579762240084165e-08,1599,100132,-0.0196503413 0.013759216 0.0161666674,CLOSURE_REJECT,,,FAST_REJECT,NO_EFFECTIVE_CONTACT_finger_1_pad,False,REJECTED_BEFORE_DIVERSITY,False,,,,,0,0.0,,,,,,NOT_EVALUATED,,,,,,,,,,OFFLINE_RESEARCH_NOT_FORMAL
graspgenx_154,kcg_3f_preshape_03,7.098140031303046e-08,1719,100132,-0.0196503413 0.013759216 0.0161666674,CLOSURE_REJECT,,,FAST_REJECT,FORBIDDEN_FIRST_CONTACT_FACE_7530,False,REJECTED_BEFORE_DIVERSITY,False,,,,,0,0.0,,,,,,NOT_EVALUATED,,,,,,,,,,OFFLINE_RESEARCH_NOT_FORMAL
graspgenx_155,kcg_3f_preshape_03,6.8181471135631e-08,1623,100132,-0.0196503413 0.013759216 0.0161666674,CLOSURE_REJECT,,,FAST_REJECT,NO_EFFECTIVE_CONTACT_finger_1_pad,False,REJECTED_BEFORE_DIVERSITY,False,,,,,0,0.0,,,,,,NOT_EVALUATED,,,,,,,,,,OFFLINE_RESEARCH_NOT_FORMAL
graspgenx_156,kcg_3f_preshape_03,6.733920798751569e-08,1827,100192,-0.0230302555 0.00671262074 0.0161666674,CLOSURE_REJECT,100052,-0.0109374663 0.0197659534 0.0123915264,FAST_REJECT,NO_EFFECTIVE_CONTACT_finger_2_pad,False,REJECTED_BEFORE_DIVERSITY,False,,,,,0,0.0,,,,,,NOT_EVALUATED,,,,,,,,,,OFFLINE_RESEARCH_NOT_FORMAL
graspgenx_157,kcg_3f_preshape_03,2.122730620612856e-06,2907,100036,-0.0101380874 0.0217410015 0.0161666674,CLOSURE_REJECT,,,FAST_REJECT,NO_EFFECTIVE_CONTACT_finger_1_pad,False,REJECTED_BEFORE_DIVERSITY,False,,,,,0,0.0,,,,,,NOT_EVALUATED,,,,,,,,,,OFFLINE_RESEARCH_NOT_FORMAL
graspgenx_158,kcg_3f_preshape_03,1.8691154082262074e-06,2913,100036,-0.0101380874 0.0217410015 0.0161666674,CLOSURE_REJECT,,,FAST_REJECT,NO_EFFECTIVE_CONTACT_finger_1_pad,False,REJECTED_BEFORE_DIVERSITY,False,,,,,0,0.0,,,,,,NOT_EVALUATED,,,,,,,,,,OFFLINE_RESEARCH_NOT_FORMAL
graspgenx_159,kcg_3f_preshape_03,1.825514345910051e-06,3123,99964,-0.00104645003 0.0239657439 0.0161666674,CLOSURE_REJECT,100120,-0.0190404806 0.014610275 0.0180434231,FAST_REJECT,NO_EFFECTIVE_CONTACT_finger_2_pad,False,REJECTED_BEFORE_DIVERSITY,False,,,,,0,0.0,,,,,,NOT_EVALUATED,,,,,,,,,,OFFLINE_RESEARCH_NOT_FORMAL
graspgenx_160,kcg_3f_preshape_03,1.8238839629702852e-06,2901,100036,-0.0101380874 0.0217410015 0.0161666674,CLOSURE_REJECT,,,FAST_REJECT,NO_EFFECTIVE_CONTACT_finger_1_pad,False,REJECTED_BEFORE_DIVERSITY,False,,,,,0,0.0,,,,,,NOT_EVALUATED,,,,,,,,,,OFFLINE_RESEARCH_NOT_FORMAL
graspgenx_161,kcg_3f_preshape_03,1.7332185962004587e-06,3339,99892,0.00820449932 0.0225419189 0.0161666674,CLOSURE_REJECT,100137,-0.0182668787 0.0132875957 0.0252712791,FAST_REJECT,NO_EFFECTIVE_CONTACT_finger_2_pad,False,REJECTED_BEFORE_DIVERSITY,False,,,,,0,0.0,,,,,,NOT_EVALUATED,,,,,,,,,,OFFLINE_RESEARCH_NOT_FORMAL
graspgenx_162,kcg_3f_preshape_03,1.7270031094085425e-06,2895,100036,-0.0101380874 0.0217410015 0.0161666674,CLOSURE_REJECT,,,FAST_REJECT,NO_EFFECTIVE_CONTACT_finger_1_pad,False,REJECTED_BEFORE_DIVERSITY,False,,,,,0,0.0,,,,,,NOT_EVALUATED,,,,,,,,,,OFFLINE_RESEARCH_NOT_FORMAL
graspgenx_163,kcg_3f_preshape_03,1.7155338127849973e-06,3009,100036,-0.0101380874 0.0217410015 0.0161666674,CLOSURE_REJECT,,,FAST_REJECT,FORBIDDEN_FIRST_CONTACT_FACE_98530,False,REJECTED_BEFORE_DIVERSITY,False,,,,,0,0.0,,,,,,NOT_EVALUATED,,,,,,,,,,OFFLINE_RESEARCH_NOT_FORMAL
graspgenx_164,kcg_3f_preshape_03,1.6754372609284474e-06,3003,100036,-0.0101380874 0.0217410015 0.0161666674,CLOSURE_REJECT,98620,0.0206125038 0.0122767723 0.000282763309,FAST_REJECT,NO_EFFECTIVE_CONTACT_finger_2_pad,False,REJECTED_BEFORE_DIVERSITY,False,,,,,0,0.0,,,,,,NOT_EVALUATED,,,,,,,,,,OFFLINE_RESEARCH_NOT_FORMAL
graspgenx_165,kcg_3f_preshape_03,1.6720150597393513e-06,3129,99964,-0.00104645003 0.0239657439 0.0161666674,CLOSURE_REJECT,,,FAST_REJECT,FORBIDDEN_FIRST_CONTACT_FACE_100086,False,REJECTED_BEFORE_DIVERSITY,False,,,,,0,0.0,,,,,,NOT_EVALUATED,,,,,,,,,,OFFLINE_RESEARCH_NOT_FORMAL
graspgenx_166,kcg_3f_preshape_03,6.617455596824584e-07,1065,99748,0.0217410015 0.0101380874 0.0161666674,CLOSURE_REJECT,,,FAST_REJECT,FORBIDDEN_FIRST_CONTACT_FACE_99394,False,REJECTED_BEFORE_DIVERSITY,False,,,,,0,0.0,,,,,,NOT_EVALUATED,,,,,,,,,,OFFLINE_RESEARCH_NOT_FORMAL
graspgenx_167,kcg_3f_preshape_03,6.062369379833399e-07,1071,99748,0.0217410015 0.0101380874 0.0161666674,CLOSURE_REJECT,99388,0.00156039915 -0.0239489189 0.00119441452,FAST_REJECT,NO_EFFECTIVE_CONTACT_finger_2_pad,False,REJECTED_BEFORE_DIVERSITY,False,,,,,0,0.0,,,,,,NOT_EVALUATED,,,,,,,,,,OFFLINE_RESEARCH_NOT_FORMAL
graspgenx_168,kcg_3f_preshape_03,4.4753116412721283e-07,1077,99748,0.0217410015 0.0101380874 0.0161666674,CLOSURE_REJECT,99413,0.00392004259 -0.0236646759 0.00809303521,FAST_REJECT,NO_EFFECTIVE_CONTACT_finger_2_pad,False,REJECTED_BEFORE_DIVERSITY,False,,,,,0,0.0,,,,,,NOT_EVALUATED,,,,,,,,,,OFFLINE_RESEARCH_NOT_FORMAL
graspgenx_169,kcg_3f_preshape_03,3.781287603032979e-07,963,99748,0.0217410015 0.0101380874 0.0161666674,CLOSURE_REJECT,,,FAST_REJECT,NO_EFFECTIVE_CONTACT_finger_1_pad,False,REJECTED_BEFORE_DIVERSITY,False,,,,,0,0.0,,,,,,NOT_EVALUATED,,,,,,,,,,OFFLINE_RESEARCH_NOT_FORMAL
graspgenx_170,kcg_3f_preshape_03,3.685130423036753e-07,1059,99748,0.0217410015 0.0101380874 0.0161666674,CLOSURE_REJECT,99388,0.00120799032 -0.0239604556 -0.00152671273,FAST_REJECT,NO_EFFECTIVE_CONTACT_finger_2_pad,False,REJECTED_BEFORE_DIVERSITY,False,,,,,0,0.0,,,,,,NOT_EVALUATED,,,,,,,,,,OFFLINE_RESEARCH_NOT_FORMAL
graspgenx_171,kcg_3f_preshape_03,3.4135885584873904e-07,957,99748,0.0217410015 0.0101380874 0.0161666674,CLOSURE_REJECT,,,FAST_REJECT,NO_EFFECTIVE_CONTACT_finger_1_pad,False,REJECTED_BEFORE_DIVERSITY,False,,,,,0,0.0,,,,,,NOT_EVALUATED,,,,,,,,,,OFFLINE_RESEARCH_NOT_FORMAL
graspgenx_172,kcg_3f_preshape_03,3.268364707764704e-07,1281,99676,0.0239657439 0.00104645003 0.0161666674,CLOSURE_REJECT,99400,0.00263564433 -0.0238436272 0.000881758087,FAST_REJECT,NO_EFFECTIVE_CONTACT_finger_2_pad,False,REJECTED_BEFORE_DIVERSITY,False,,,,,0,0.0,,,,,,NOT_EVALUATED,,,,,,,,,,OFFLINE_RESEARCH_NOT_FORMAL
graspgenx_173,kcg_3f_preshape_03,2.980129067964299e-07,1287,99676,0.0239657439 0.00104645003 0.0161666674,CLOSURE_REJECT,99413,0.00334058691 -0.0237603448 0.00326710274,FAST_REJECT,NO_EFFECTIVE_CONTACT_finger_2_pad,False,REJECTED_BEFORE_DIVERSITY,False,,,,,0,0.0,,,,,,NOT_EVALUATED,,,,,,,,,,OFFLINE_RESEARCH_NOT_FORMAL
graspgenx_174,kcg_3f_preshape_03,2.5901491085278394e-07,1083,99748,0.0217410015 0.0101380874 0.0161666674,CLOSURE_REJECT,100564,0.00375993282 -0.0236911103 0.0145822475,FAST_REJECT,NO_EFFECTIVE_CONTACT_finger_2_pad,False,REJECTED_BEFORE_DIVERSITY,False,,,,,0,0.0,,,,,,NOT_EVALUATED,,,,,,,,,,OFFLINE_RESEARCH_NOT_FORMAL
graspgenx_175,kcg_3f_preshape_03,9.237766995795482e-09,2697,100564,0.00416565518 -0.023624125 0.0161666674,CLOSURE_REJECT,,,FAST_REJECT,FORBIDDEN_FIRST_CONTACT_FACE_100306,False,REJECTED_BEFORE_DIVERSITY,False,,,,,0,0.0,,,,,,NOT_EVALUATED,,,,,,,,,,OFFLINE_RESEARCH_NOT_FORMAL
graspgenx_176,kcg_3f_preshape_03,8.461398692816147e-09,2481,100480,-0.00671262074 -0.0230302555 0.0161666674,CLOSURE_REJECT,,,FAST_REJECT,FORBIDDEN_FIRST_CONTACT_FACE_100290,False,REJECTED_BEFORE_DIVERSITY,False,,,,,0,0.0,,,,,,NOT_EVALUATED,,,,,,,,,,OFFLINE_RESEARCH_NOT_FORMAL
graspgenx_177,kcg_3f_preshape_03,8.342666113492214e-09,2691,100564,0.00416565518 -0.023624125 0.0161666674,CLOSURE_REJECT,99209,-0.0199552717 -0.0133336865 0.00528250366,FAST_REJECT,NO_EFFECTIVE_CONTACT_finger_2_pad,False,REJECTED_BEFORE_DIVERSITY,False,,,,,0,0.0,,,,,,NOT_EVALUATED,,,,,,,,,,OFFLINE_RESEARCH_NOT_FORMAL
graspgenx_178,kcg_3f_preshape_03,7.982248639848422e-09,2475,100480,-0.00671262074 -0.0230302555 0.0161666674,CLOSURE_REJECT,100340,-0.0197698573 -0.0109301626 0.0123915264,FAST_REJECT,NO_EFFECTIVE_CONTACT_finger_2_pad,False,REJECTED_BEFORE_DIVERSITY,False,,,,,0,0.0,,,,,,NOT_EVALUATED,,,,,,,,,,OFFLINE_RESEARCH_NOT_FORMAL
graspgenx_179,kcg_3f_preshape_03,7.829605408460338e-09,2805,100564,0.00416565518 -0.023624125 0.0161666674,CLOSURE_REJECT,100672,0.0169705647 -0.0169705647 0.0128923329,FAST_REJECT,NO_EFFECTIVE_CONTACT_finger_2_pad,False,REJECTED_BEFORE_DIVERSITY,False,,,,,0,0.0,,,,,,NOT_EVALUATED,,,,,,,,,,OFFLINE_RESEARCH_NOT_FORMAL
graspgenx_180,kcg_3f_preshape_03,7.52491935429589e-09,2589,100480,-0.00671262074 -0.0230302555 0.0161666674,CLOSURE_REJECT,100748,0.0205006494 -0.00948517943 0.0162793949,FAST_REJECT,NO_EFFECTIVE_CONTACT_finger_2_pad,False,REJECTED_BEFORE_DIVERSITY,False,,,,,0,0.0,,,,,,NOT_EVALUATED,,,,,,,,,,OFFLINE_RESEARCH_NOT_FORMAL
graspgenx_181,kcg_3f_preshape_03,7.008954749920804e-09,2685,100564,0.00416565518 -0.023624125 0.0161666674,CLOSURE_REJECT,99136,-0.0232753293 -0.00581233982 -0.000209594598,FAST_REJECT,NO_EFFECTIVE_CONTACT_finger_2_pad,False,REJECTED_BEFORE_DIVERSITY,False,,,,,0,0.0,,,,,,NOT_EVALUATED,,,,,,,,,,OFFLINE_RESEARCH_NOT_FORMAL
graspgenx_182,kcg_3f_preshape_03,7.0043442157441405e-09,2265,100420,-0.013759216 -0.0196503413 0.0161666674,CLOSURE_REJECT,,,FAST_REJECT,NO_EFFECTIVE_CONTACT_finger_1_pad,False,REJECTED_BEFORE_DIVERSITY,False,,,,,0,0.0,,,,,,NOT_EVALUATED,,,,,,,,,,OFFLINE_RESEARCH_NOT_FORMAL
graspgenx_183,kcg_3f_preshape_03,6.977542987840479e-09,2373,100420,-0.013759216 -0.0196503413 0.0161666674,CLOSURE_REJECT,100757,0.0222792698 -0.00890234285 0.0215114337,FAST_REJECT,NO_EFFECTIVE_CONTACT_finger_2_pad,False,REJECTED_BEFORE_DIVERSITY,False,,,,,0,0.0,,,,,,NOT_EVALUATED,,,,,,,,,,OFFLINE_RESEARCH_NOT_FORMAL
graspgenx_184,kcg_3f_preshape_03,1.6231318511472637e-08,351,73340,0.00152796808 0.0136295719 0.000140000007,CLOSURE_REJECT,98909,-0.0121031833 0.0207204485 0.00241946599,FAST_REJECT,FORBIDDEN_FIRST_CONTACT_FACE_100414,False,REJECTED_BEFORE_DIVERSITY,False,,,,,0,0.0,,,,,,NOT_EVALUATED,,,,,,,,,,OFFLINE_RESEARCH_NOT_FORMAL
graspgenx_185,kcg_3f_preshape_03,1.5632330985226872e-08,345,73340,0.00152796808 0.0136295719 0.000140000007,CLOSURE_REJECT,98885,-0.00936909419 0.0220894276 0.00566987174,FAST_REJECT,FORBIDDEN_FIRST_CONTACT_FACE_99187,False,REJECTED_BEFORE_DIVERSITY,False,,,,,0,0.0,,,,,,NOT_EVALUATED,,,,,,,,,,OFFLINE_RESEARCH_NOT_FORMAL
graspgenx_186,kcg_3f_preshape_03,1.4225256528277441e-08,291,73340,0.00152796808 0.0136295719 0.000140000007,CLOSURE_REJECT,,,FAST_REJECT,FORBIDDEN_FIRST_CONTACT_FACE_98731,False,REJECTED_BEFORE_DIVERSITY,False,,,,,0,0.0,,,,,,NOT_EVALUATED,,,,,,,,,,OFFLINE_RESEARCH_NOT_FORMAL
graspgenx_187,kcg_3f_preshape_03,1.3967207834753026e-08,423,73340,0.00152796808 0.0136295719 0.000140000007,CLOSURE_REJECT,100384 98561,-0.0169705647 -0.0169705647 0.011954995 | 0.0233731418 0.00539284444 0.00724555723,FAST_REJECT,FORBIDDEN_FIRST_CONTACT_FACE_98779,False,REJECTED_BEFORE_DIVERSITY,False,,,,,0,0.0,,,,,,NOT_EVALUATED,,,,,,,,,,OFFLINE_RESEARCH_NOT_FORMAL
graspgenx_188,kcg_3f_preshape_03,1.3577873936299056e-08,417,73340,0.00152796808 0.0136295719 0.000140000007,CLOSURE_SURVIVE,100432 98525 98765,-0.0126430745 -0.0203847222 0.0171679388 | 0.0240000011 0 0.00691639914 | 0.00501753467 0.0234606517 0.0078326142,FAST_REJECT,INTERMEDIATE_SEQUENTIAL_CLOSURE_HAND_TABLE_SWEEP,False,REJECTED_BEFORE_DIVERSITY,False,-0.004058399274634666,f3Link3,FINGER_3_CLOSURE_0301,0.942 0.581167427 0.581167427 0.450950966,1271,0.0014981759656653715,-0.0009854716407337039,-8.787904634549593e-05,f1Link3,FINGER_1_CLOSURE_0203,,NOT_EVALUATED,,,,,,,,,,OFFLINE_RESEARCH_NOT_FORMAL
graspgenx_189,kcg_3f_preshape_03,1.2987172226530674e-08,339,73340,0.00152796808 0.0136295719 0.000140000007,CLOSURE_SURVIVE,98908 99136 99557,-0.0133336865 0.0199552717 0.000505991718 | -0.0231959476 -0.00615278969 0.00327319516 | 0.0191389877 -0.0144728086 0.00666375819,FAST_REJECT,INTERMEDIATE_SEQUENTIAL_CLOSURE_HAND_TABLE_SWEEP,False,REJECTED_BEFORE_DIVERSITY,False,-0.004058373762016898,f3Link3,FINGER_3_CLOSURE_0301,0.942 0.734106223 0.550579667 0.45131939,1271,0.0014993999656373047,0.0006059993971281319,-1.0212715142676743e-05,f1Link3,FINGER_1_CLOSURE_0202,,NOT_EVALUATED,,,,,,,,,,OFFLINE_RESEARCH_NOT_FORMAL
graspgenx_190,kcg_3f_preshape_03,1.2399681281749508e-08,459,73340,0.00152796808 0.0136295719 0.000140000007,CLOSURE_REJECT,,,FAST_REJECT,FORBIDDEN_FIRST_CONTACT_FACE_100706,False,REJECTED_BEFORE_DIVERSITY,False,,,,,0,0.0,,,,,,NOT_EVALUATED,,,,,,,,,,OFFLINE_RESEARCH_NOT_FORMAL
graspgenx_191,kcg_3f_preshape_03,1.2052892905956014e-08,297,73340,0.00152796808 0.0136295719 0.000140000007,CLOSURE_REJECT,,,FAST_REJECT,FORBIDDEN_FIRST_CONTACT_FACE_98746,False,REJECTED_BEFORE_DIVERSITY,False,,,,,0,0.0,,,,,,NOT_EVALUATED,,,,,,,,,,OFFLINE_RESEARCH_NOT_FORMAL
graspgenx_192,kcg_3f_preshape_03,1.2051882158914395e-08,429,73340,0.00152796808 0.0136295719 0.000140000007,CLOSURE_REJECT,,,FAST_REJECT,FORBIDDEN_FIRST_CONTACT_FACE_100466,False,REJECTED_BEFORE_DIVERSITY,False,,,,,0,0.0,,,,,,NOT_EVALUATED,,,,,,,,,,OFFLINE_RESEARCH_NOT_FORMAL
graspgenx_193,kcg_3f_preshape_04,0.3180543780326843,3357,99952,0.000523225014 0.0239828725 0.0161666674,CLOSURE_REJECT,,,FAST_REJECT,FORBIDDEN_FIRST_CONTACT_FACE_99066,False,REJECTED_BEFORE_DIVERSITY,False,,,,,0,0.0,,,,,,NOT_EVALUATED,,,,,,,,,,OFFLINE_RESEARCH_NOT_FORMAL
graspgenx_194,kcg_3f_preshape_04,0.298931360244751,3351,99952,0.000523225014 0.0239828725 0.0161666674,CLOSURE_REJECT,99077,-0.0238273793 0.00280061352 0.00781675231,FAST_REJECT,NO_EFFECTIVE_CONTACT_finger_2_pad,False,REJECTED_BEFORE_DIVERSITY,False,,,,,0,0.0,,,,,,NOT_EVALUATED,,,,,,,,,,OFFLINE_RESEARCH_NOT_FORMAL
graspgenx_195,kcg_3f_preshape_04,0.2985696792602539,3363,99952,0.000523225014 0.0239828725 0.0161666674,CLOSURE_REJECT,99076,-0.0239486153 0.00156967504 0.00156273831,FAST_REJECT,NO_EFFECTIVE_CONTACT_finger_2_pad,False,REJECTED_BEFORE_DIVERSITY,False,,,,,0,0.0,,,,,,NOT_EVALUATED,,,,,,,,,,OFFLINE_RESEARCH_NOT_FORMAL
graspgenx_196,kcg_3f_preshape_04,0.24492961168289185,3471,99952,0.000523225014 0.0239828725 0.0161666674,CLOSURE_REJECT,,,FAST_REJECT,NO_EFFECTIVE_CONTACT_finger_1_pad,False,REJECTED_BEFORE_DIVERSITY,False,,,,,0,0.0,,,,,,NOT_EVALUATED,,,,,,,,,,OFFLINE_RESEARCH_NOT_FORMAL
graspgenx_197,kcg_3f_preshape_04,0.23762498795986176,3381,99952,0.000523225014 0.0239828725 0.0161666674,CLOSURE_REJECT,,,FAST_REJECT,NO_EFFECTIVE_CONTACT_finger_1_pad,False,REJECTED_BEFORE_DIVERSITY,False,,,,,0,0.0,,,,,,NOT_EVALUATED,,,,,,,,,,OFFLINE_RESEARCH_NOT_FORMAL
graspgenx_198,kcg_3f_preshape_04,0.2358751744031906,3345,99952,0.000523225014 0.0239828725 0.0161666674,CLOSURE_REJECT,100252,-0.0239649393 -0.00107102887 0.0149547309,FAST_REJECT,NO_EFFECTIVE_CONTACT_finger_2_pad,False,REJECTED_BEFORE_DIVERSITY,False,,,,,0,0.0,,,,,,NOT_EVALUATED,,,,,,,,,,OFFLINE_RESEARCH_NOT_FORMAL
graspgenx_199,kcg_3f_preshape_04,0.23447228968143463,3477,99952,0.000523225014 0.0239828725 0.0161666674,CLOSURE_REJECT,,,FAST_REJECT,NO_EFFECTIVE_CONTACT_finger_1_pad,False,REJECTED_BEFORE_DIVERSITY,False,,,,,0,0.0,,,,,,NOT_EVALUATED,,,,,,,,,,OFFLINE_RESEARCH_NOT_FORMAL
graspgenx_200,kcg_3f_preshape_04,0.2272980660200119,3375,99952,0.000523225014 0.0239828725 0.0161666674,CLOSURE_REJECT,,,FAST_REJECT,NO_EFFECTIVE_CONTACT_finger_1_pad,False,REJECTED_BEFORE_DIVERSITY,False,,,,,0,0.0,,,,,,NOT_EVALUATED,,,,,,,,,,OFFLINE_RESEARCH_NOT_FORMAL
graspgenx_201,kcg_3f_preshape_04,0.2210400104522705,3465,99952,0.000523225014 0.0239828725 0.0161666674,CLOSURE_REJECT,,,FAST_REJECT,NO_EFFECTIVE_CONTACT_finger_1_pad,False,REJECTED_BEFORE_DIVERSITY,False,,,,,0,0.0,,,,,,NOT_EVALUATED,,,,,,,,,,OFFLINE_RESEARCH_NOT_FORMAL
graspgenx_202,kcg_3f_preshape_04,0.03218824043869972,1065,99808,0.0173284285 0.0165884767 0.0161666674,CLOSURE_REJECT,99460,0.0100270367 -0.021791318 0.00182272525,FAST_REJECT,NO_EFFECTIVE_CONTACT_finger_2_pad,False,REJECTED_BEFORE_DIVERSITY,False,,,,,0,0.0,,,,,,NOT_EVALUATED,,,,,,,,,,OFFLINE_RESEARCH_NOT_FORMAL
graspgenx_203,kcg_3f_preshape_04,0.031082991510629654,1071,99808,0.0173284285 0.0165884767 0.0161666674,CLOSURE_REJECT,,,FAST_REJECT,FORBIDDEN_FIRST_CONTACT_FACE_99446,False,REJECTED_BEFORE_DIVERSITY,False,,,,,0,0.0,,,,,,NOT_EVALUATED,,,,,,,,,,OFFLINE_RESEARCH_NOT_FORMAL
graspgenx_204,kcg_3f_preshape_04,0.0310672540217638,957,99808,0.0173284285 0.0165884767 0.0161666674,CLOSURE_REJECT,,,FAST_REJECT,NO_EFFECTIVE_CONTACT_finger_1_pad,False,REJECTED_BEFORE_DIVERSITY,False,,,,,0,0.0,,,,,,NOT_EVALUATED,,,,,,,,,,OFFLINE_RESEARCH_NOT_FORMAL
graspgenx_205,kcg_3f_preshape_04,0.02923833765089512,1089,99808,0.0173284285 0.0165884767 0.0161666674,CLOSURE_REJECT,100600,0.00902442341 -0.022233322 0.016870676,FAST_REJECT,NO_EFFECTIVE_CONTACT_finger_2_pad,False,REJECTED_BEFORE_DIVERSITY,False,,,,,0,0.0,,,,,,NOT_EVALUATED,,,,,,,,,,OFFLINE_RESEARCH_NOT_FORMAL
graspgenx_206,kcg_3f_preshape_04,0.028887616470456123,1083,99808,0.0173284285 0.0165884767 0.0161666674,CLOSURE_REJECT,,,FAST_REJECT,FORBIDDEN_FIRST_CONTACT_FACE_100626,False,REJECTED_BEFORE_DIVERSITY,False,,,,,0,0.0,,,,,,NOT_EVALUATED,,,,,,,,,,OFFLINE_RESEARCH_NOT_FORMAL
graspgenx_207,kcg_3f_preshape_04,0.02786077745258808,951,99808,0.0173284285 0.0165884767 0.0161666674,CLOSURE_REJECT,,,FAST_REJECT,NO_EFFECTIVE_CONTACT_finger_1_pad,False,REJECTED_BEFORE_DIVERSITY,False,,,,,0,0.0,,,,,,NOT_EVALUATED,,,,,,,,,,OFFLINE_RESEARCH_NOT_FORMAL
graspgenx_208,kcg_3f_preshape_04,0.027854980900883675,1077,99808,0.0173284285 0.0165884767 0.0161666674,CLOSURE_REJECT,99472,0.0113485281 -0.0211328309 0.00117237636,FAST_REJECT,NO_EFFECTIVE_CONTACT_finger_2_pad,False,REJECTED_BEFORE_DIVERSITY,False,,,,,0,0.0,,,,,,NOT_EVALUATED,,,,,,,,,,OFFLINE_RESEARCH_NOT_FORMAL
graspgenx_209,kcg_3f_preshape_04,0.02661742828786373,963,99808,0.0173284285 0.0165884767 0.0161666674,CLOSURE_REJECT,,,FAST_REJECT,NO_EFFECTIVE_CONTACT_finger_1_pad,False,REJECTED_BEFORE_DIVERSITY,False,,,,,0,0.0,,,,,,NOT_EVALUATED,,,,,,,,,,OFFLINE_RESEARCH_NOT_FORMAL
graspgenx_210,kcg_3f_preshape_04,0.022928645834326744,1059,99808,0.0173284285 0.0165884767 0.0161666674,CLOSURE_REJECT,,,FAST_REJECT,NO_EFFECTIVE_CONTACT_finger_1_pad,False,REJECTED_BEFORE_DIVERSITY,False,,,,,0,0.0,,,,,,NOT_EVALUATED,,,,,,,,,,OFFLINE_RESEARCH_NOT_FORMAL
graspgenx_211,kcg_3f_preshape_04,0.0002649454399943352,2343,100480,-0.00671262074 -0.0230302555 0.0161666674,CLOSURE_REJECT,,,FAST_REJECT,NO_EFFECTIVE_CONTACT_finger_1_pad,False,REJECTED_BEFORE_DIVERSITY,False,,,,,0,0.0,,,,,,NOT_EVALUATED,,,,,,,,,,OFFLINE_RESEARCH_NOT_FORMAL
graspgenx_212,kcg_3f_preshape_04,0.00024222659703809768,2235,100480,-0.00671262074 -0.0230302555 0.0161666674,CLOSURE_REJECT,,,FAST_REJECT,NO_EFFECTIVE_CONTACT_finger_1_pad,False,REJECTED_BEFORE_DIVERSITY,False,,,,,0,0.0,,,,,,NOT_EVALUATED,,,,,,,,,,OFFLINE_RESEARCH_NOT_FORMAL
graspgenx_213,kcg_3f_preshape_04,0.0002179343136958778,2337,100480,-0.00671262074 -0.0230302555 0.0161666674,CLOSURE_REJECT,,,FAST_REJECT,NO_EFFECTIVE_CONTACT_finger_1_pad,False,REJECTED_BEFORE_DIVERSITY,False,,,,,0,0.0,,,,,,NOT_EVALUATED,,,,,,,,,,OFFLINE_RESEARCH_NOT_FORMAL
graspgenx_214,kcg_3f_preshape_04,0.00021146071958355606,2241,100480,-0.00671262074 -0.0230302555 0.0161666674,CLOSURE_REJECT,,,FAST_REJECT,NO_EFFECTIVE_CONTACT_finger_1_pad,False,REJECTED_BEFORE_DIVERSITY,False,,,,,0,0.0,,,,,,NOT_EVALUATED,,,,,,,,,,OFFLINE_RESEARCH_NOT_FORMAL
graspgenx_215,kcg_3f_preshape_04,0.0002078838733723387,2349,100480,-0.00671262074 -0.0230302555 0.0161666674,CLOSURE_REJECT,,,FAST_REJECT,NO_EFFECTIVE_CONTACT_finger_1_pad,False,REJECTED_BEFORE_DIVERSITY,False,,,,,0,0.0,,,,,,NOT_EVALUATED,,,,,,,,,,OFFLINE_RESEARCH_NOT_FORMAL
graspgenx_216,kcg_3f_preshape_04,0.00019856856670230627,2559,100552,0.00261164439 -0.023845991 0.0161666674,CLOSURE_REJECT,,,FAST_REJECT,NO_EFFECTIVE_CONTACT_finger_1_pad,False,REJECTED_BEFORE_DIVERSITY,False,,,,,0,0.0,,,,,,NOT_EVALUATED,,,,,,,,,,OFFLINE_RESEARCH_NOT_FORMAL
graspgenx_217,kcg_3f_preshape_04,0.00019597270875237882,2229,100480,-0.00671262074 -0.0230302555 0.0161666674,CLOSURE_REJECT,,,FAST_REJECT,NO_EFFECTIVE_CONTACT_finger_1_pad,False,REJECTED_BEFORE_DIVERSITY,False,,,,,0,0.0,,,,,,NOT_EVALUATED,,,,,,,,,,OFFLINE_RESEARCH_NOT_FORMAL
graspgenx_218,kcg_3f_preshape_04,0.0001946593984030187,2271,100480,-0.00671262074 -0.0230302555 0.0161666674,CLOSURE_REJECT,,,FAST_REJECT,NO_EFFECTIVE_CONTACT_finger_1_pad,False,REJECTED_BEFORE_DIVERSITY,False,,,,,0,0.0,,,,,,NOT_EVALUATED,,,,,,,,,,OFFLINE_RESEARCH_NOT_FORMAL
graspgenx_219,kcg_3f_preshape_04,0.00016862800111994147,2265,100480,-0.00671262074 -0.0230302555 0.0161666674,CLOSURE_REJECT,,,FAST_REJECT,NO_EFFECTIVE_CONTACT_finger_1_pad,False,REJECTED_BEFORE_DIVERSITY,False,,,,,0,0.0,,,,,,NOT_EVALUATED,,,,,,,,,,OFFLINE_RESEARCH_NOT_FORMAL
graspgenx_220,kcg_3f_preshape_04,0.0010186255676671863,1725,100192,-0.0230302555 0.00671262074 0.0161666674,CLOSURE_REJECT,,,FAST_REJECT,FORBIDDEN_FIRST_CONTACT_FACE_100587,False,REJECTED_BEFORE_DIVERSITY,False,,,,,0,0.0,,,,,,NOT_EVALUATED,,,,,,,,,,OFFLINE_RESEARCH_NOT_FORMAL
graspgenx_221,kcg_3f_preshape_04,0.000943987921345979,1719,100192,-0.0230302555 0.00671262074 0.0161666674,CLOSURE_REJECT,,,FAST_REJECT,FORBIDDEN_FIRST_CONTACT_FACE_7573,False,REJECTED_BEFORE_DIVERSITY,False,,,,,0,0.0,,,,,,NOT_EVALUATED,,,,,,,,,,OFFLINE_RESEARCH_NOT_FORMAL
graspgenx_222,kcg_3f_preshape_04,0.0008253215928561985,1731,100192,-0.0230302555 0.00671262074 0.0161666674,CLOSURE_REJECT,100532,-0.000847104052 -0.0225722706 0.0170112211,FAST_REJECT,NO_EFFECTIVE_CONTACT_finger_2_pad,False,REJECTED_BEFORE_DIVERSITY,False,,,,,0,0.0,,,,,,NOT_EVALUATED,,,,,,,,,,OFFLINE_RESEARCH_NOT_FORMAL
graspgenx_223,kcg_3f_preshape_04,0.0008157650590874255,1713,100192,-0.0230302555 0.00671262074 0.0161666674,CLOSURE_REJECT,,,FAST_REJECT,FORBIDDEN_FIRST_CONTACT_FACE_7551,False,REJECTED_BEFORE_DIVERSITY,False,,,,,0,0.0,,,,,,NOT_EVALUATED,,,,,,,,,,OFFLINE_RESEARCH_NOT_FORMAL
graspgenx_224,kcg_3f_preshape_04,0.0007393950363621116,1701,100192,-0.0230302555 0.00671262074 0.0161666674,CLOSURE_REJECT,,,FAST_REJECT,NO_EFFECTIVE_CONTACT_finger_1_pad,False,REJECTED_BEFORE_DIVERSITY,False,,,,,0,0.0,,,,,,NOT_EVALUATED,,,,,,,,,,OFFLINE_RESEARCH_NOT_FORMAL
graspgenx_225,kcg_3f_preshape_04,0.0007203490822575986,1707,100192,-0.0230302555 0.00671262074 0.0161666674,CLOSURE_REJECT,,,FAST_REJECT,NO_EFFECTIVE_CONTACT_finger_1_pad,False,REJECTED_BEFORE_DIVERSITY,False,,,,,0,0.0,,,,,,NOT_EVALUATED,,,,,,,,,,OFFLINE_RESEARCH_NOT_FORMAL
graspgenx_226,kcg_3f_preshape_04,0.0006109419045969844,1941,100264,-0.023845991 -0.00261164439 0.0161666674,CLOSURE_REJECT,,,FAST_REJECT,FORBIDDEN_FIRST_CONTACT_FACE_100546,False,REJECTED_BEFORE_DIVERSITY,False,,,,,0,0.0,,,,,,NOT_EVALUATED,,,,,,,,,,OFFLINE_RESEARCH_NOT_FORMAL
graspgenx_227,kcg_3f_preshape_04,0.0005847293650731444,1599,100192,-0.0230302555 0.00671262074 0.0161666674,CLOSURE_REJECT,,,FAST_REJECT,NO_EFFECTIVE_CONTACT_finger_1_pad,False,REJECTED_BEFORE_DIVERSITY,False,,,,,0,0.0,,,,,,NOT_EVALUATED,,,,,,,,,,OFFLINE_RESEARCH_NOT_FORMAL
graspgenx_228,kcg_3f_preshape_04,0.000565959548112005,1605,100192,-0.0230302555 0.00671262074 0.0161666674,CLOSURE_REJECT,,,FAST_REJECT,NO_EFFECTIVE_CONTACT_finger_1_pad,False,REJECTED_BEFORE_DIVERSITY,False,,,,,0,0.0,,,,,,NOT_EVALUATED,,,,,,,,,,OFFLINE_RESEARCH_NOT_FORMAL
graspgenx_229,kcg_3f_preshape_04,0.003230941016227007,813,79732,0.00613175898 0.00161583876 0.000140000007,CLOSURE_REJECT,,,FAST_REJECT,NO_EFFECTIVE_CONTACT_finger_1_pad,False,REJECTED_BEFORE_DIVERSITY,False,,,,,0,0.0,,,,,,NOT_EVALUATED,,,,,,,,,,OFFLINE_RESEARCH_NOT_FORMAL
graspgenx_230,kcg_3f_preshape_04,0.0027420157566666603,777,79732,0.00613175898 0.00161583876 0.000140000007,CLOSURE_REJECT,100492,-0.00563678341 -0.0233162632 0.017080993,FAST_REJECT,NO_EFFECTIVE_CONTACT_finger_2_pad,False,REJECTED_BEFORE_DIVERSITY,False,,,,,0,0.0,,,,,,NOT_EVALUATED,,,,,,,,,,OFFLINE_RESEARCH_NOT_FORMAL
graspgenx_231,kcg_3f_preshape_04,0.00255570444278419,783,79732,0.00613175898 0.00161583876 0.000140000007,CLOSURE_REJECT,99376,-0.000770373507 -0.0239747817 -0.000258366751,FAST_REJECT,NO_EFFECTIVE_CONTACT_finger_2_pad,False,REJECTED_BEFORE_DIVERSITY,False,,,,,0,0.0,,,,,,NOT_EVALUATED,,,,,,,,,,OFFLINE_RESEARCH_NOT_FORMAL
graspgenx_232,kcg_3f_preshape_04,0.002389668021351099,819,79732,0.00613175898 0.00161583876 0.000140000007,CLOSURE_REJECT,,,FAST_REJECT,NO_EFFECTIVE_CONTACT_finger_1_pad,False,REJECTED_BEFORE_DIVERSITY,False,,,,,0,0.0,,,,,,NOT_EVALUATED,,,,,,,,,,OFFLINE_RESEARCH_NOT_FORMAL
graspgenx_233,kcg_3f_preshape_04,0.0021940823644399643,807,79732,0.00613175898 0.00161583876 0.000140000007,CLOSURE_REJECT,,,FAST_REJECT,NO_EFFECTIVE_CONTACT_finger_1_pad,False,REJECTED_BEFORE_DIVERSITY,False,,,,,0,0.0,,,,,,NOT_EVALUATED,,,,,,,,,,OFFLINE_RESEARCH_NOT_FORMAL
graspgenx_234,kcg_3f_preshape_04,0.002161972224712372,789,79732,0.00613175898 0.00161583876 0.000140000007,CLOSURE_REJECT,,,FAST_REJECT,NO_EFFECTIVE_CONTACT_finger_1_pad,False,REJECTED_BEFORE_DIVERSITY,False,,,,,0,0.0,,,,,,NOT_EVALUATED,,,,,,,,,,OFFLINE_RESEARCH_NOT_FORMAL
graspgenx_235,kcg_3f_preshape_04,0.0020808090921491385,561,81900,-0.00358407348 -0.00106693002 0.000140000007,CLOSURE_REJECT,,,FAST_REJECT,NO_EFFECTIVE_CONTACT_finger_1_pad,False,REJECTED_BEFORE_DIVERSITY,False,,,,,0,0.0,,,,,,NOT_EVALUATED,,,,,,,,,,OFFLINE_RESEARCH_NOT_FORMAL
graspgenx_236,kcg_3f_preshape_04,0.0020599723793566227,597,81900,-0.00358407348 -0.00106693002 0.000140000007,CLOSURE_REJECT,,,FAST_REJECT,FORBIDDEN_FIRST_CONTACT_FACE_100706,False,REJECTED_BEFORE_DIVERSITY,False,,,,,0,0.0,,,,,,NOT_EVALUATED,,,,,,,,,,OFFLINE_RESEARCH_NOT_FORMAL
graspgenx_237,kcg_3f_preshape_04,0.001991025172173977,795,79732,0.00613175898 0.00161583876 0.000140000007,CLOSURE_REJECT,,,FAST_REJECT,NO_EFFECTIVE_CONTACT_finger_1_pad,False,REJECTED_BEFORE_DIVERSITY,False,,,,,0,0.0,,,,,,NOT_EVALUATED,,,,,,,,,,OFFLINE_RESEARCH_NOT_FORMAL
graspgenx_238,kcg_3f_preshape_02,0.947413980960846,29,100536,0.000523225014 -0.023516206 0.0305000014,CLOSURE_REJECT,,,FAST_REJECT,NO_EFFECTIVE_CONTACT_finger_1_pad,False,REJECTED_BEFORE_DIVERSITY,False,,,,,0,0.0,,,,,,NOT_EVALUATED,,,,,,,,,,OFFLINE_RESEARCH_NOT_FORMAL
graspgenx_239,kcg_3f_preshape_02,0.9571940898895264,19,99478,0.0123150351 -0.0193725328 -0.00200000009,CLOSURE_REJECT,,,FAST_REJECT,NO_EFFECTIVE_CONTACT_finger_1_pad,False,REJECTED_BEFORE_DIVERSITY,False,,,,,0,0.0,,,,,,NOT_EVALUATED,,,,,,,,,,OFFLINE_RESEARCH_NOT_FORMAL
graspgenx_240,kcg_3f_preshape_02,0.9405823349952698,36,100294,-0.0224363891 -0.0070635791 0.00900000043,CLOSURE_REJECT,,,FAST_REJECT,NO_EFFECTIVE_CONTACT_finger_1_pad,False,REJECTED_BEFORE_DIVERSITY,False,,,,,0,0.0,,,,,,NOT_EVALUATED,,,,,,,,,,OFFLINE_RESEARCH_NOT_FORMAL
graspgenx_241,kcg_3f_preshape_02,0.9557585716247559,20,98933,-0.0150149502 0.0187083724 0.00533333359,CLOSURE_REJECT,,,FAST_REJECT,NO_EFFECTIVE_CONTACT_finger_1_pad,False,REJECTED_BEFORE_DIVERSITY,False,,,,,0,0.0,,,,,,NOT_EVALUATED,,,,,,,,,,OFFLINE_RESEARCH_NOT_FORMAL
graspgenx_242,kcg_3f_preshape_02,0.9488892555236816,27,99418,0.00543438127 -0.0223029739 -0.00200000009,CLOSURE_REJECT,,,FAST_REJECT,FORBIDDEN_FIRST_CONTACT_FACE_99562,False,REJECTED_BEFORE_DIVERSITY,False,,,,,0,0.0,,,,,,NOT_EVALUATED,,,,,,,,,,OFFLINE_RESEARCH_NOT_FORMAL
graspgenx_243,kcg_3f_preshape_02,0.9620927572250366,13,100537,0.00101592871 -0.0230334102 0.0305000014,CLOSURE_REJECT,,,FAST_REJECT,FORBIDDEN_FIRST_CONTACT_FACE_100332,False,REJECTED_BEFORE_DIVERSITY,False,,,,,0,0.0,,,,,,NOT_EVALUATED,,,,,,,,,,OFFLINE_RESEARCH_NOT_FORMAL
graspgenx_244,kcg_3f_preshape_02,0.9610198736190796,15,98867,-0.0074769057 0.0206087491 -0.00200000009,CLOSURE_REJECT,99064,-0.0236892845 0.00377099117 -0.000174446013,FAST_REJECT,NO_EFFECTIVE_CONTACT_finger_2_pad,False,REJECTED_BEFORE_DIVERSITY,False,,,,,0,0.0,,,,,,NOT_EVALUATED,,,,,,,,,,OFFLINE_RESEARCH_NOT_FORMAL
graspgenx_245,kcg_3f_preshape_02,0.9448630809783936,32,100252,-0.0239657439 -0.00104645003 0.0161666674,CLOSURE_REJECT,,,FAST_REJECT,NO_EFFECTIVE_CONTACT_finger_1_pad,False,REJECTED_BEFORE_DIVERSITY,False,,,,,0,0.0,,,,,,NOT_EVALUATED,,,,,,,,,,OFFLINE_RESEARCH_NOT_FORMAL
graspgenx_246,kcg_3f_preshape_02,0.9451006054878235,31,99064,-0.0237094019 0.00364914212 0.00166666675,CLOSURE_REJECT,,,FAST_REJECT,NO_EFFECTIVE_CONTACT_finger_1_pad,False,REJECTED_BEFORE_DIVERSITY,False,,,,,0,0.0,,,,,,NOT_EVALUATED,,,,,,,,,,OFFLINE_RESEARCH_NOT_FORMAL
graspgenx_247,kcg_3f_preshape_02,0.9627426862716675,12,99370,-0.000523225014 -0.022949539 -0.00200000009,CLOSURE_REJECT,,,FAST_REJECT,NO_EFFECTIVE_CONTACT_finger_1_pad,False,REJECTED_BEFORE_DIVERSITY,False,,,,,0,0.0,,,,,,NOT_EVALUATED,,,,,,,,,,OFFLINE_RESEARCH_NOT_FORMAL
graspgenx_248,kcg_3f_preshape_02,0.9524747729301453,23,99845,0.0141847455 0.0193454109 0.0233333344,CLOSURE_REJECT,,,FAST_REJECT,NO_EFFECTIVE_CONTACT_finger_1_pad,False,REJECTED_BEFORE_DIVERSITY,False,,,,,0,0.0,,,,,,NOT_EVALUATED,,,,,,,,,,OFFLINE_RESEARCH_NOT_FORMAL
graspgenx_249,kcg_3f_preshape_02,0.9434372186660767,34,100180,-0.0225419189 0.00820449932 0.0161666674,CLOSURE_REJECT,,,FAST_REJECT,NO_EFFECTIVE_CONTACT_finger_1_pad,False,REJECTED_BEFORE_DIVERSITY,False,,,,,0,0.0,,,,,,NOT_EVALUATED,,,,,,,,,,OFFLINE_RESEARCH_NOT_FORMAL
graspgenx_250,kcg_3f_preshape_02,0.6895791292190552,2289,100156,-0.0212781687 0.01107662 0.0161666674,CLOSURE_REJECT,,,FAST_REJECT,NO_EFFECTIVE_CONTACT_finger_1_pad,False,REJECTED_BEFORE_DIVERSITY,False,,,,,0,0.0,,,,,,NOT_EVALUATED,,,,,,,,,,OFFLINE_RESEARCH_NOT_FORMAL
graspgenx_251,kcg_3f_preshape_02,0.9470541477203369,30,99053,-0.0233010971 0.00570182764 0.00533333359,CLOSURE_REJECT,,,FAST_REJECT,NO_EFFECTIVE_CONTACT_finger_1_pad,False,REJECTED_BEFORE_DIVERSITY,False,,,,,0,0.0,,,,,,NOT_EVALUATED,,,,,,,,,,OFFLINE_RESEARCH_NOT_FORMAL
graspgenx_252,kcg_3f_preshape_00,0.002344671171158552,2271,99784,0.0193454109 0.0141847455 0.0161666674,CLOSURE_REJECT,,,FAST_REJECT,NO_EFFECTIVE_CONTACT_finger_1_pad,False,REJECTED_BEFORE_DIVERSITY,False,,,,,0,0.0,,,,,,NOT_EVALUATED,,,,,,,,,,OFFLINE_RESEARCH_NOT_FORMAL
graspgenx_253,kcg_3f_preshape_01,3.984140128920899e-09,1713,99772,0.0202317184 0.0128891245 0.0161666674,CLOSURE_REJECT,,,FAST_REJECT,NO_EFFECTIVE_CONTACT_finger_1_pad,False,REJECTED_BEFORE_DIVERSITY,False,,,,,0,0.0,,,,,,NOT_EVALUATED,,,,,,,,,,OFFLINE_RESEARCH_NOT_FORMAL
graspgenx_254,kcg_3f_preshape_03,7.058217761368724e-07,3429,99892,0.00820449932 0.0225419189 0.0161666674,CLOSURE_SURVIVE,98584 6839 100180,0.022691467 0.00780715862 -0.00130692371 | 0.0183272943 0.0125169339 0.0272644844 | -0.0225224134 0.00825632422 0.0187335234,FAST_REJECT,HAND_TABLE_PENETRATION,False,REJECTED_BEFORE_DIVERSITY,False,-0.11878995105353782,f2Link2,PREGRASP,0.942 0 0 0,1291,0.0014993999656373047,-0.11878995105353782,-0.11878995082636215,f2Link2,APPROACH_00,,NOT_EVALUATED,,,,,,,,,,OFFLINE_RESEARCH_NOT_FORMAL
graspgenx_255,kcg_3f_preshape_01,6.40752728653382e-11,3339,100684,0.0176862922 -0.0162063886 0.0161666674,CLOSURE_REJECT,,,FAST_REJECT,NO_EFFECTIVE_CONTACT_finger_1_pad,False,REJECTED_BEFORE_DIVERSITY,False,,,,,0,0.0,,,,,,NOT_EVALUATED,,,,,,,,,,OFFLINE_RESEARCH_NOT_FORMAL
