candidate_id,descriptor_id,palm_configuration_rad,graspgenx_score,source_sample_index,anchor_face_index,anchor_position_object_m,closure_status,contact_face_indices,contact_positions_object_m,fast_filter,fast_reasons,diversity_selected_after_fast_filter,diversity_selection_status,sequential_closure_sweep_pass,minimum_table_clearance_m,minimum_clearance_link,minimum_clearance_finger_stage,minimum_clearance_joint_position_rad,checked_state_count,maximum_joint_increment_rad,endpoint_only_table_clearance_m,first_table_violation_clearance_m,first_table_violation_link,first_table_violation_finger_stage,unresolved_checks,task_status,worst_task_margin,lower_tail_mean_margin,required_peak_normal_force_n,maximum_joint_load_utilization,maximum_generalized_joint_torque_nm,wrist_load_utilization,sensitivity,task_failure_reason,nominal_balance_infeasible_count,evidence
graspgenx_687,kcg_3f_palm_000,0.0,0.9424310326576233,317,99016,-0.0219570558 0.00966124517 0.00166666675,CLOSURE_SURVIVE,99221 99568 100024,-0.0189377985 -0.0147353935 0.00640695882 | 0.0200368026 -0.0132025743 -0.00200000009 | -0.00885552529 0.0222968906 0.0105218061,FAST_SURVIVE,,True,SELECTED_AFTER_SWEEP_DIVERSITY,True,0.005281676103017663,f3Link3,FINGER_3_CLOSURE_0086,0 0.592745713 0.574746533 0.408254121,570,0.0014999316406251184,0.0072414913409011294,,,,UNRESOLVED_UNTIL_PUBLIC_LEGACY_FORWARDER | HAND_SELF_AND_NONPAD_OBJECT_CONTROL_STATES_SAMPLED_NOT_CONTINUOUS | HAND_TABLE_SAMPLED_NOT_CONTINUOUS | ARM_LINK_AND_JOINT_INTERPOLATED_PATH_NOT_FAST_CHECKED,TASK_REJECT,0.27512231245460783,0.3348577067457594,,,,,1.6333666277784658,PRESCRIBED_TASK_SCALE_INFEASIBLE_UNDER_OPERATION_CAP,0,OFFLINE_RESEARCH_NOT_FORMAL
graspgenx_681,kcg_3f_palm_000,0.0,0.9430546760559082,319,99052,-0.0234199726 0.00519199793 0.00166666675,CLOSURE_SURVIVE,99268 99592 100072,-0.0137608517 -0.0196491692 0.00423412519 | 0.0218478974 -0.009902163 -0.00200000009 | -0.013500511 0.0198357269 0.0104336704,FAST_SURVIVE,,True,SELECTED_AFTER_SWEEP_DIVERSITY,True,0.005281676103017663,f3Link3,FINGER_3_CLOSURE_0086,0 0.619744482 0.570246738 0.408254121,586,0.0014999316406251184,0.0072959285544926256,,,,UNRESOLVED_UNTIL_PUBLIC_LEGACY_FORWARDER | HAND_SELF_AND_NONPAD_OBJECT_CONTROL_STATES_SAMPLED_NOT_CONTINUOUS | HAND_TABLE_SAMPLED_NOT_CONTINUOUS | ARM_LINK_AND_JOINT_INTERPOLATED_PATH_NOT_FAST_CHECKED,TASK_REJECT,0.31302809415153476,0.38612256235053505,,,,,1.5617091009216226,PRESCRIBED_TASK_SCALE_INFEASIBLE_UNDER_OPERATION_CAP,0,OFFLINE_RESEARCH_NOT_FORMAL
graspgenx_945,kcg_3f_palm_001,0.017444444444444446,0.9076443314552307,335,99388,0.00104645003 -0.0239657439 0.00166666675,CLOSURE_SURVIVE,99604 98788 99257,0.0226923129 -0.00780491097 0.000128746357 | 0.00264466264 0.023842739 -0.00122862176 | -0.0150542169 -0.018676147 0.00745063367,FAST_SURVIVE,,True,SELECTED_AFTER_SWEEP_DIVERSITY,True,0.0052848720603135835,f3Link3,FINGER_3_CLOSURE_0086,0.0174444444 0.675241953 0.510249473 0.408254121,623,0.0014999316406251184,0.008054250649682376,,,,UNRESOLVED_UNTIL_PUBLIC_LEGACY_FORWARDER | HAND_SELF_AND_NONPAD_OBJECT_CONTROL_STATES_SAMPLED_NOT_CONTINUOUS | HAND_TABLE_SAMPLED_NOT_CONTINUOUS | ARM_LINK_AND_JOINT_INTERPOLATED_PATH_NOT_FAST_CHECKED,TASK_SURVIVE,1.2104703574675808,1.2585556472691835,10.711890180758898,,1.6761901029272976,,1.6401002655831953,,0,OFFLINE_RESEARCH_NOT_FORMAL
graspgenx_893,kcg_3f_palm_001,0.017444444444444446,0.91745525598526,333,99352,-0.00364914212 -0.0237094019 0.00166666675,CLOSURE_SURVIVE,99604 98764 99221,0.0223280915 -0.00877262628 -0.00164881603 | 0.00603493107 0.0232234283 -0.00151190657 | -0.0185150736 -0.0152504855 0.00751577187,FAST_SURVIVE,,True,SELECTED_AFTER_SWEEP_DIVERSITY,True,0.0052848720603135,f3Link3,FINGER_3_CLOSURE_0086,0.0174444444 0.693241133 0.516249199 0.408254121,633,0.0014999316406251184,0.008054250649682293,,,,UNRESOLVED_UNTIL_PUBLIC_LEGACY_FORWARDER | HAND_SELF_AND_NONPAD_OBJECT_CONTROL_STATES_SAMPLED_NOT_CONTINUOUS | HAND_TABLE_SAMPLED_NOT_CONTINUOUS | ARM_LINK_AND_JOINT_INTERPOLATED_PATH_NOT_FAST_CHECKED,TASK_SURVIVE,1.2224259499008536,1.2697500903987062,10.5779157050787,,1.6407606869439952,,1.3878231787691349,,0,OFFLINE_RESEARCH_NOT_FORMAL
graspgenx_906,kcg_3f_palm_001,0.017444444444444446,0.9144971370697021,225,98764,0.00519199793 0.0234199726 0.00166666675,CLOSURE_SURVIVE,98945 99340 98621,-0.0161459776 0.0177428732 0.00533490607 | -0.00596720011 -0.0232392209 -0.00200000009 | 0.0205371679 0.0123979222 0.00778570534,FAST_SURVIVE,,True,SELECTED_AFTER_SWEEP_DIVERSITY,True,0.0052848720603134725,f3Link3,FINGER_3_CLOSURE_0086,0.0174444444 0.606245098 0.531248516 0.408254121,588,0.0014999316406251184,0.008054250649682293,,,,UNRESOLVED_UNTIL_PUBLIC_LEGACY_FORWARDER | HAND_SELF_AND_NONPAD_OBJECT_CONTROL_STATES_SAMPLED_NOT_CONTINUOUS | HAND_TABLE_SAMPLED_NOT_CONTINUOUS | ARM_LINK_AND_JOINT_INTERPOLATED_PATH_NOT_FAST_CHECKED,TASK_REJECT,0.8503560605260917,0.8750225595585768,,,,,1.614168700044095,PRESCRIBED_TASK_SCALE_INFEASIBLE_UNDER_OPERATION_CAP,0,OFFLINE_RESEARCH_NOT_FORMAL
graspgenx_856,kcg_3f_palm_001,0.017444444444444446,0.9218302369117737,239,98980,-0.0196503413 0.013759216 0.00166666675,CLOSURE_SURVIVE,99137 99556 98812,-0.0234650036 -0.00499887045 0.00640892537 | 0.0193650535 -0.0141573344 -0.00180551931 | -0.00133883814 0.0239561721 0.00581944444,FAST_SURVIVE,,True,SELECTED_AFTER_SWEEP_DIVERSITY,True,0.005284872060313417,f3Link3,FINGER_3_CLOSURE_0086,0.0174444444 0.592745713 0.522248926 0.408254121,590,0.0014999316406251184,0.008054250649682293,,,,UNRESOLVED_UNTIL_PUBLIC_LEGACY_FORWARDER | HAND_SELF_AND_NONPAD_OBJECT_CONTROL_STATES_SAMPLED_NOT_CONTINUOUS | HAND_TABLE_SAMPLED_NOT_CONTINUOUS | ARM_LINK_AND_JOINT_INTERPOLATED_PATH_NOT_FAST_CHECKED,TASK_SURVIVE,1.1883913154754409,1.232737145554172,10.972669812497378,,1.6897032316864364,,1.673799642034927,,0,OFFLINE_RESEARCH_NOT_FORMAL
graspgenx_670,kcg_3f_palm_001,0.017444444444444446,0.9440214037895203,313,99028,-0.0225419189 0.00820449932 0.00166666675,CLOSURE_SURVIVE,99209 99592 100024,-0.0199456449 -0.0133471206 0.00784639161 | 0.0217520979 -0.0101135972 -0.00200000009 | -0.00880031977 0.0223176684 0.0100757127,FAST_SURVIVE,,True,SELECTED_AFTER_SWEEP_DIVERSITY,True,0.005284872060313361,f3Link3,FINGER_3_CLOSURE_0086,0.0174444444 0.559747217 0.582246191 0.408254121,558,0.0014999316406251184,0.007520922504740374,,,,UNRESOLVED_UNTIL_PUBLIC_LEGACY_FORWARDER | HAND_SELF_AND_NONPAD_OBJECT_CONTROL_STATES_SAMPLED_NOT_CONTINUOUS | HAND_TABLE_SAMPLED_NOT_CONTINUOUS | ARM_LINK_AND_JOINT_INTERPOLATED_PATH_NOT_FAST_CHECKED,TASK_REJECT,0.2455329443285892,0.3152173590364374,,,,,1.7052319849056705,PRESCRIBED_TASK_SCALE_INFEASIBLE_UNDER_OPERATION_CAP,0,OFFLINE_RESEARCH_NOT_FORMAL
graspgenx_722,kcg_3f_palm_001,0.017444444444444446,0.9388562440872192,315,99064,-0.0237094019 0.00364914212 0.00166666675,CLOSURE_SURVIVE,99257 99616 100072,-0.0155616767 -0.0182596857 0.00765775668 | 0.0230006275 -0.00681029055 -0.00200000009 | -0.0137987845 0.0196219869 0.0102562962,FAST_SURVIVE,,True,SELECTED_AFTER_SWEEP_DIVERSITY,True,0.005284872060313361,f3Link3,FINGER_3_CLOSURE_0086,0.0174444444 0.576246465 0.579246328 0.408254121,565,0.0014999316406251184,0.007407905790133312,,,,UNRESOLVED_UNTIL_PUBLIC_LEGACY_FORWARDER | HAND_SELF_AND_NONPAD_OBJECT_CONTROL_STATES_SAMPLED_NOT_CONTINUOUS | HAND_TABLE_SAMPLED_NOT_CONTINUOUS | ARM_LINK_AND_JOINT_INTERPOLATED_PATH_NOT_FAST_CHECKED,TASK_REJECT,0.16541715975392962,0.2284111117765897,,,,,1.5330999886793995,PRESCRIBED_TASK_SCALE_INFEASIBLE_UNDER_OPERATION_CAP,0,OFFLINE_RESEARCH_NOT_FORMAL
graspgenx_818,kcg_3f_palm_001,0.017444444444444446,0.9275943636894226,317,99100,-0.0239657439 -0.00104645003 0.00166666675,CLOSURE_SURVIVE,99305 99652 100108,-0.00983851085 -0.0218767378 0.00617428439 | 0.0239289547 -0.00176929354 -0.00200000009 | -0.0178692207 0.0160110775 0.0102562962,FAST_SURVIVE,,True,SELECTED_AFTER_SWEEP_DIVERSITY,True,0.005284872060313361,f3Link3,FINGER_3_CLOSURE_0086,0.0174444444 0.595745576 0.573246602 0.408254121,574,0.0014999316406251184,0.007407905790133312,,,,UNRESOLVED_UNTIL_PUBLIC_LEGACY_FORWARDER | HAND_SELF_AND_NONPAD_OBJECT_CONTROL_STATES_SAMPLED_NOT_CONTINUOUS | HAND_TABLE_SAMPLED_NOT_CONTINUOUS | ARM_LINK_AND_JOINT_INTERPOLATED_PATH_NOT_FAST_CHECKED,TASK_REJECT,0.2202217727059299,0.3295814390512914,,,,,1.7387026562712042,PRESCRIBED_TASK_SCALE_INFEASIBLE_UNDER_OPERATION_CAP,0,OFFLINE_RESEARCH_NOT_FORMAL
graspgenx_943,kcg_3f_palm_001,0.017444444444444446,0.907946765422821,249,99124,-0.023624125 -0.00416565518 0.00166666675,CLOSURE_SURVIVE,99281 98560 98957,-0.0128859759 -0.0202336763 0.00778420327 | 0.0233297358 0.00557900289 -0.00200000009 | -0.0172497538 0.0166724769 0.00521415145,FAST_SURVIVE,,True,SELECTED_AFTER_SWEEP_DIVERSITY,True,0.005284872060313361,f3Link3,FINGER_3_CLOSURE_0086,0.0174444444 0.574746533 0.532748447 0.408254121,590,0.0014999316406251184,0.008054250649682182,,,,UNRESOLVED_UNTIL_PUBLIC_LEGACY_FORWARDER | HAND_SELF_AND_NONPAD_OBJECT_CONTROL_STATES_SAMPLED_NOT_CONTINUOUS | HAND_TABLE_SAMPLED_NOT_CONTINUOUS | ARM_LINK_AND_JOINT_INTERPOLATED_PATH_NOT_FAST_CHECKED,TASK_REJECT,0.5621050093989264,0.7031638087467462,,,,,1.7065839280068151,PRESCRIBED_TASK_SCALE_INFEASIBLE_UNDER_OPERATION_CAP,0,OFFLINE_RESEARCH_NOT_FORMAL
graspgenx_874,kcg_3f_palm_002,0.03488888888888889,0.9197010397911072,335,98800,0.000523225014 0.0239828725 0.00166666675,CLOSURE_SURVIVE,99016 99352 98656,-0.0221629859 0.00920674756 -1.19729859e-05 | -0.00410524373 -0.023634099 -0.00117318246 | 0.0171134646 0.0168179917 0.00672186685,FAST_SURVIVE,,True,SELECTED_AFTER_SWEEP_DIVERSITY,True,0.005287677268584867,f3Link3,FINGER_3_CLOSURE_0086,0.0348888889 0.676741885 0.508749541 0.408254121,624,0.0014999316406251184,0.008066235314132031,,,,UNRESOLVED_UNTIL_PUBLIC_LEGACY_FORWARDER | HAND_SELF_AND_NONPAD_OBJECT_CONTROL_STATES_SAMPLED_NOT_CONTINUOUS | HAND_TABLE_SAMPLED_NOT_CONTINUOUS | ARM_LINK_AND_JOINT_INTERPOLATED_PATH_NOT_FAST_CHECKED,TASK_SURVIVE,1.3682423156407555,1.4054027430609077,9.828816276658554,,1.5489929867499692,,1.5039985756687824,,0,OFFLINE_RESEARCH_NOT_FORMAL
graspgenx_880,kcg_3f_palm_002,0.03488888888888889,0.918996274471283,263,98764,0.00519199793 0.0234199726 0.00166666675,CLOSURE_SURVIVE,98921 99364 98597,-0.0140745486 0.019424377 0.00772046313 | -0.00300605145 -0.0238071456 -0.00200000009 | 0.0219952154 0.00957702504 0.00664750631,FAST_SURVIVE,,True,SELECTED_AFTER_SWEEP_DIVERSITY,True,0.0052876772685848394,f3Link3,FINGER_3_CLOSURE_0086,0.0348888889 0.561247148 0.546247832 0.408254121,578,0.0014999316406251184,0.008066235314132031,,,,UNRESOLVED_UNTIL_PUBLIC_LEGACY_FORWARDER | HAND_SELF_AND_NONPAD_OBJECT_CONTROL_STATES_SAMPLED_NOT_CONTINUOUS | HAND_TABLE_SAMPLED_NOT_CONTINUOUS | ARM_LINK_AND_JOINT_INTERPOLATED_PATH_NOT_FAST_CHECKED,TASK_REJECT,0.7578787730054509,0.775469744789333,,,,,1.6220539116229875,PRESCRIBED_TASK_SCALE_INFEASIBLE_UNDER_OPERATION_CAP,0,OFFLINE_RESEARCH_NOT_FORMAL
graspgenx_836,kcg_3f_palm_002,0.03488888888888889,0.9242917895317078,261,98728,0.00966124517 0.0219570558 0.00166666675,CLOSURE_SURVIVE,98885 99316 98561,-0.0102657772 0.0216831461 0.00761476874 | -0.0082212731 -0.0225356057 -0.00200000009 | 0.0233730233 0.00539335256 0.00641524698,FAST_SURVIVE,,True,SELECTED_AFTER_SWEEP_DIVERSITY,True,0.005287677268584812,f3Link3,FINGER_3_CLOSURE_0086,0.0348888889 0.56274708 0.5447479 0.408254121,580,0.0014999316406251184,0.00806623531413192,,,,UNRESOLVED_UNTIL_PUBLIC_LEGACY_FORWARDER | HAND_SELF_AND_NONPAD_OBJECT_CONTROL_STATES_SAMPLED_NOT_CONTINUOUS | HAND_TABLE_SAMPLED_NOT_CONTINUOUS | ARM_LINK_AND_JOINT_INTERPOLATED_PATH_NOT_FAST_CHECKED,TASK_REJECT,0.8543178890423531,0.8672749788689146,,,,,1.7511384071296026,PRESCRIBED_TASK_SCALE_INFEASIBLE_UNDER_OPERATION_CAP,0,OFFLINE_RESEARCH_NOT_FORMAL
graspgenx_776,kcg_3f_palm_002,0.03488888888888889,0.9344090819358826,223,99304,-0.00966124517 -0.0219570558 0.00166666675,CLOSURE_SURVIVE,99472 98716 99149,0.0118413477 -0.0208694134 0.00534005747 | 0.0111660208 0.021230383 -0.00200000009 | -0.0228318807 -0.00736657257 0.00789997797,FAST_SURVIVE,,True,SELECTED_AFTER_SWEEP_DIVERSITY,True,0.005287677268584812,f3Link3,FINGER_3_CLOSURE_0086,0.0348888889 0.606245098 0.532748447 0.408254121,588,0.0014999316406251184,0.00806623531413192,,,,UNRESOLVED_UNTIL_PUBLIC_LEGACY_FORWARDER | HAND_SELF_AND_NONPAD_OBJECT_CONTROL_STATES_SAMPLED_NOT_CONTINUOUS | HAND_TABLE_SAMPLED_NOT_CONTINUOUS | ARM_LINK_AND_JOINT_INTERPOLATED_PATH_NOT_FAST_CHECKED,TASK_REJECT,0.7709234122158056,0.8221604273294822,,,,,1.7875592632184207,PRESCRIBED_TASK_SCALE_INFEASIBLE_UNDER_OPERATION_CAP,0,OFFLINE_RESEARCH_NOT_FORMAL
graspgenx_813,kcg_3f_palm_002,0.03488888888888889,0.928134560585022,333,98776,0.00364914212 0.0237094019 0.00166666675,CLOSURE_SURVIVE,99016 99328 98633,-0.0215608618 0.0105356645 -0.00149019839 | -0.00746629428 -0.0228016303 -0.00145405579 | 0.0195478362 0.0139022617 0.00739843332,FAST_SURVIVE,,True,SELECTED_AFTER_SWEEP_DIVERSITY,True,0.005287677268584812,f3Link3,FINGER_3_CLOSURE_0086,0.0348888889 0.691741201 0.514749268 0.408254121,632,0.0014999316406251184,0.00806623531413192,,,,UNRESOLVED_UNTIL_PUBLIC_LEGACY_FORWARDER | HAND_SELF_AND_NONPAD_OBJECT_CONTROL_STATES_SAMPLED_NOT_CONTINUOUS | HAND_TABLE_SAMPLED_NOT_CONTINUOUS | ARM_LINK_AND_JOINT_INTERPOLATED_PATH_NOT_FAST_CHECKED,TASK_SURVIVE,1.2896115889923125,1.3305270557240618,10.159190279560804,,1.5888828158836001,,1.4278607532672458,,0,OFFLINE_RESEARCH_NOT_FORMAL
graspgenx_684,kcg_3f_palm_002,0.03488888888888889,0.9425711631774902,135,99076,-0.0238973031 0.00209065972 0.00166666675,CLOSURE_SURVIVE,99316 99616 100072,-0.00772811149 -0.0227212182 0.00445019218 | 0.0228719054 -0.00723462899 -0.00200000009 | -0.014592308 0.0190533555 0.0109300558,FAST_SURVIVE,,True,SELECTED_AFTER_SWEEP_DIVERSITY,True,0.005287636767579373,f3Link3,FINGER_3_CLOSURE_0273,0.0348888889 0.617248498 0.605408952 0.409002039,1056,0.0014981759656653715,0.0064176044224645845,,,,UNRESOLVED_UNTIL_PUBLIC_LEGACY_FORWARDER | HAND_SELF_AND_NONPAD_OBJECT_CONTROL_STATES_SAMPLED_NOT_CONTINUOUS | HAND_TABLE_SAMPLED_NOT_CONTINUOUS | ARM_LINK_AND_JOINT_INTERPOLATED_PATH_NOT_FAST_CHECKED,TASK_REJECT,0.16122468497074322,0.23306771366124815,,,,,1.4152282374504945,PRESCRIBED_TASK_SCALE_INFEASIBLE_UNDER_OPERATION_CAP,0,OFFLINE_RESEARCH_NOT_FORMAL
graspgenx_811,kcg_3f_palm_002,0.03488888888888889,0.92832350730896,203,98968,-0.0187083724 0.0150149502 0.00166666675,CLOSURE_SURVIVE,99137 99544 98813,-0.0234205017 -0.00518972874 0.00805837919 | 0.0190404806 -0.014610275 -0.00200000009 | -0.000965667618 0.0239683884 0.00838114209,FAST_SURVIVE,,True,SELECTED_AFTER_SWEEP_DIVERSITY,True,0.005287636767579373,f3Link3,FINGER_3_CLOSURE_0273,0.0348888889 0.570805043 0.551492417 0.409002039,1039,0.0014981759656653715,0.009359026813912985,,,,UNRESOLVED_UNTIL_PUBLIC_LEGACY_FORWARDER | HAND_SELF_AND_NONPAD_OBJECT_CONTROL_STATES_SAMPLED_NOT_CONTINUOUS | HAND_TABLE_SAMPLED_NOT_CONTINUOUS | ARM_LINK_AND_JOINT_INTERPOLATED_PATH_NOT_FAST_CHECKED,TASK_REJECT,0.6120924417363629,0.661939673109398,,,,,2.015966355603781,PRESCRIBED_TASK_SCALE_INFEASIBLE_UNDER_OPERATION_CAP,0,OFFLINE_RESEARCH_NOT_FORMAL
graspgenx_872,kcg_3f_palm_002,0.03488888888888889,0.9197823405265808,211,99100,-0.0239657439 -0.00104645003 0.00166666675,CLOSURE_SURVIVE,99281 99664 98957,-0.0125753826 -0.0204268159 0.00672009928 | 0.0239971466 -8.71977727e-05 -0.00200000009 | -0.0172905079 0.0166289641 0.00768199494,FAST_SURVIVE,,True,SELECTED_AFTER_SWEEP_DIVERSITY,True,0.005287636767579373,f3Link3,FINGER_3_CLOSURE_0273,0.0348888889 0.588783155 0.546999373 0.409002039,1045,0.0014981759656653715,0.009131466988796855,,,,UNRESOLVED_UNTIL_PUBLIC_LEGACY_FORWARDER | HAND_SELF_AND_NONPAD_OBJECT_CONTROL_STATES_SAMPLED_NOT_CONTINUOUS | HAND_TABLE_SAMPLED_NOT_CONTINUOUS | ARM_LINK_AND_JOINT_INTERPOLATED_PATH_NOT_FAST_CHECKED,TASK_REJECT,0.6256020487973515,0.6442674020738942,,,,,1.4782190958834376,PRESCRIBED_TASK_SCALE_INFEASIBLE_UNDER_OPERATION_CAP,0,OFFLINE_RESEARCH_NOT_FORMAL
graspgenx_699,kcg_3f_palm_003,0.05233333333333334,0.9415977597236633,213,98992,-0.0205081651 0.0124445625 0.00166666675,CLOSURE_SURVIVE,99160 99556 98837,-0.0222307169 -0.00903134509 0.00630579499 | 0.0197242015 -0.0136561444 -0.00200000009 | -0.00387656951 0.0236718534 0.00751729711,FAST_SURVIVE,,True,SELECTED_AFTER_SWEEP_DIVERSITY,True,0.005290374961619965,f3Link3,FINGER_3_CLOSURE_0086,0.0523333333 0.594245645 0.5447479 0.408254121,582,0.0014999316406251184,0.008079970461073283,,,,UNRESOLVED_UNTIL_PUBLIC_LEGACY_FORWARDER | HAND_SELF_AND_NONPAD_OBJECT_CONTROL_STATES_SAMPLED_NOT_CONTINUOUS | HAND_TABLE_SAMPLED_NOT_CONTINUOUS | ARM_LINK_AND_JOINT_INTERPOLATED_PATH_NOT_FAST_CHECKED,TASK_REJECT,0.8101998236213674,0.8629880626569214,,,,,1.821859549063979,PRESCRIBED_TASK_SCALE_INFEASIBLE_UNDER_OPERATION_CAP,0,OFFLINE_RESEARCH_NOT_FORMAL
graspgenx_612,kcg_3f_palm_003,0.05233333333333334,0.9489601850509644,227,99208,-0.0193454109 -0.0141847455 0.00166666675,CLOSURE_SURVIVE,99389 98620 99065,0.000264917526 -0.0239913286 0.00510470628 | 0.0202877649 0.0127989944 -0.00200000009 | -0.0235592704 0.00455847244 0.00723620761,FAST_SURVIVE,,True,SELECTED_AFTER_SWEEP_DIVERSITY,True,0.005290374961619937,f3Link3,FINGER_3_CLOSURE_0086,0.0523333333 0.609244961 0.529748584 0.408254121,594,0.0014999316406251184,0.008079970461073283,,,,UNRESOLVED_UNTIL_PUBLIC_LEGACY_FORWARDER | HAND_SELF_AND_NONPAD_OBJECT_CONTROL_STATES_SAMPLED_NOT_CONTINUOUS | HAND_TABLE_SAMPLED_NOT_CONTINUOUS | ARM_LINK_AND_JOINT_INTERPOLATED_PATH_NOT_FAST_CHECKED,TASK_REJECT,0.9450624947328985,1.0655070227802326,,,,,1.9602821042958773,PRESCRIBED_TASK_SCALE_INFEASIBLE_UNDER_OPERATION_CAP,0,OFFLINE_RESEARCH_NOT_FORMAL
graspgenx_726,kcg_3f_palm_003,0.05233333333333334,0.9384785294532776,159,99292,-0.01107662 -0.0212781687 0.00166666675,CLOSURE_SURVIVE,99508 98692 99148,0.0155890086 -0.018237255 -0.00200000009 | 0.013749394 0.0196573797 0.000240096753 | -0.0227407817 -0.00766688445 0.00481461613,FAST_SURVIVE,,True,SELECTED_AFTER_SWEEP_DIVERSITY,True,0.005290374961619937,f3Link3,FINGER_3_CLOSURE_0086,0.0523333333 0.723239766 0.474251113 0.408254121,658,0.0014999316406251184,0.008079970461073283,,,,UNRESOLVED_UNTIL_PUBLIC_LEGACY_FORWARDER | HAND_SELF_AND_NONPAD_OBJECT_CONTROL_STATES_SAMPLED_NOT_CONTINUOUS | HAND_TABLE_SAMPLED_NOT_CONTINUOUS | ARM_LINK_AND_JOINT_INTERPOLATED_PATH_NOT_FAST_CHECKED,TASK_SURVIVE,1.5801860084335106,1.6711981335940034,8.596684233721668,,1.2579869238636272,,1.4777802494813561,,0,OFFLINE_RESEARCH_NOT_FORMAL
graspgenx_714,kcg_3f_palm_003,0.05233333333333334,0.9397947788238525,229,99244,-0.0162063886 -0.0176862922 0.00166666675,CLOSURE_SURVIVE,99413 98656 99089,0.00402364113 -0.0236475717 0.00510470628 | 0.0175452128 0.0163570179 -0.001977448 | -0.0239719383 0.000857230083 0.00689256686,FAST_SURVIVE,,True,SELECTED_AFTER_SWEEP_DIVERSITY,True,0.005290374961619881,f3Link3,FINGER_3_CLOSURE_0086,0.0523333333 0.609244961 0.525248789 0.408254121,594,0.0014999316406251184,0.0080799704610732,,,,UNRESOLVED_UNTIL_PUBLIC_LEGACY_FORWARDER | HAND_SELF_AND_NONPAD_OBJECT_CONTROL_STATES_SAMPLED_NOT_CONTINUOUS | HAND_TABLE_SAMPLED_NOT_CONTINUOUS | ARM_LINK_AND_JOINT_INTERPOLATED_PATH_NOT_FAST_CHECKED,TASK_SURVIVE,1.024809499690089,1.1338546785052563,11.85325607721568,,1.8163500138233222,,1.9514798702943035,,0,OFFLINE_RESEARCH_NOT_FORMAL
graspgenx_586,kcg_3f_palm_003,0.05233333333333334,0.9506648778915405,215,99016,-0.0219570558 0.00966124517 0.00166666675,CLOSURE_SURVIVE,99196 99592 98873,-0.0200976138 -0.0131047821 0.00590980724 | 0.0217083301 -0.0102101949 -0.00200000009 | -0.00809049664 0.0225848263 0.00841043219,FAST_SURVIVE,,True,SELECTED_AFTER_SWEEP_DIVERSITY,True,0.005290337466069328,f3Link3,FINGER_3_CLOSURE_0273,0.0523333333 0.599270386 0.542506328 0.409002039,1052,0.0014981759656653715,0.009354994413883821,,,,UNRESOLVED_UNTIL_PUBLIC_LEGACY_FORWARDER | HAND_SELF_AND_NONPAD_OBJECT_CONTROL_STATES_SAMPLED_NOT_CONTINUOUS | HAND_TABLE_SAMPLED_NOT_CONTINUOUS | ARM_LINK_AND_JOINT_INTERPOLATED_PATH_NOT_FAST_CHECKED,TASK_REJECT,0.6096369375922048,0.685458468267686,,,,,1.731538378382822,PRESCRIBED_TASK_SCALE_INFEASIBLE_UNDER_OPERATION_CAP,0,OFFLINE_RESEARCH_NOT_FORMAL
graspgenx_614,kcg_3f_palm_004,0.06977777777777779,0.948826253414154,311,99004,-0.0212781687 0.01107662 0.00166666675,CLOSURE_SURVIVE,99173 99568 99988,-0.0216682987 -0.010298546 0.00807559348 | 0.0204927394 -0.012469369 -0.00200000009 | -0.00431717301 0.0235991092 0.00916706614,FAST_SURVIVE,,True,SELECTED_AFTER_SWEEP_DIVERSITY,True,0.005292950802722213,f3Link3,FINGER_3_CLOSURE_0087,0.0697777778 0.556747354 0.58074626 0.409754053,565,0.0014999316406251184,0.008095434207628788,,,,UNRESOLVED_UNTIL_PUBLIC_LEGACY_FORWARDER | HAND_SELF_AND_NONPAD_OBJECT_CONTROL_STATES_SAMPLED_NOT_CONTINUOUS | HAND_TABLE_SAMPLED_NOT_CONTINUOUS | ARM_LINK_AND_JOINT_INTERPOLATED_PATH_NOT_FAST_CHECKED,TASK_REJECT,0.3918467604685538,0.44665658394998853,,,,,1.7738045463350425,PRESCRIBED_TASK_SCALE_INFEASIBLE_UNDER_OPERATION_CAP,0,OFFLINE_RESEARCH_NOT_FORMAL
graspgenx_661,kcg_3f_palm_004,0.06977777777777779,0.9446529746055603,239,98992,-0.0205081651 0.0124445625 0.00166666675,CLOSURE_SURVIVE,99148 99568 98824,-0.0228030239 -0.00746170037 0.00596181059 | 0.0203560819 -0.0126891319 -0.00175374212 | -0.00293059182 0.0238145776 0.00536467536,FAST_SURVIVE,,True,SELECTED_AFTER_SWEEP_DIVERSITY,True,0.005292950802722213,f3Link3,FINGER_3_CLOSURE_0087,0.0697777778 0.598745439 0.520748994 0.409754053,597,0.0014999316406251184,0.008095434207628788,,,,UNRESOLVED_UNTIL_PUBLIC_LEGACY_FORWARDER | HAND_SELF_AND_NONPAD_OBJECT_CONTROL_STATES_SAMPLED_NOT_CONTINUOUS | HAND_TABLE_SAMPLED_NOT_CONTINUOUS | ARM_LINK_AND_JOINT_INTERPOLATED_PATH_NOT_FAST_CHECKED,TASK_SURVIVE,1.2312935641838552,1.2794651142422266,10.727122633403091,,1.6529333907472445,,1.6298549830872155,,0,OFFLINE_RESEARCH_NOT_FORMAL
graspgenx_625,kcg_3f_palm_004,0.06977777777777779,0.9476447105407715,313,99040,-0.0230302555 0.00671262074 0.00166666675,CLOSURE_SURVIVE,99221 99604 100036,-0.0182327481 -0.0155945002 0.00811857731 | 0.0224333644 -0.00849292235 -0.00200000009 | -0.00948417594 0.0220372848 0.00953772903,FAST_SURVIVE,,True,SELECTED_AFTER_SWEEP_DIVERSITY,True,0.0052929508027221295,f3Link3,FINGER_3_CLOSURE_0087,0.0697777778 0.570246738 0.58074626 0.409754053,570,0.0014999316406251184,0.007869429843146952,,,,UNRESOLVED_UNTIL_PUBLIC_LEGACY_FORWARDER | HAND_SELF_AND_NONPAD_OBJECT_CONTROL_STATES_SAMPLED_NOT_CONTINUOUS | HAND_TABLE_SAMPLED_NOT_CONTINUOUS | ARM_LINK_AND_JOINT_INTERPOLATED_PATH_NOT_FAST_CHECKED,TASK_REJECT,0.24974152558257012,0.30870295542386317,,,,,1.5830644931624078,PRESCRIBED_TASK_SCALE_INFEASIBLE_UNDER_OPERATION_CAP,0,OFFLINE_RESEARCH_NOT_FORMAL
graspgenx_645,kcg_3f_palm_004,0.06977777777777779,0.9465305209159851,241,99016,-0.0219570558 0.00966124517 0.00166666675,CLOSURE_SURVIVE,99185 99604 98861,-0.0214999186 -0.010661755 0.00596483953 | 0.0222282906 -0.00903779152 -0.00175376371 | -0.00649186468 0.0230972213 0.00524263534,FAST_SURVIVE,,True,SELECTED_AFTER_SWEEP_DIVERSITY,True,0.0052929508027221295,f3Link3,FINGER_3_CLOSURE_0087,0.0697777778 0.598745439 0.520748994 0.409754053,598,0.0014999316406251184,0.008095434207628704,,,,UNRESOLVED_UNTIL_PUBLIC_LEGACY_FORWARDER | HAND_SELF_AND_NONPAD_OBJECT_CONTROL_STATES_SAMPLED_NOT_CONTINUOUS | HAND_TABLE_SAMPLED_NOT_CONTINUOUS | ARM_LINK_AND_JOINT_INTERPOLATED_PATH_NOT_FAST_CHECKED,TASK_SURVIVE,1.097827943247148,1.1587408575824585,11.409971309584714,,1.7608409449640205,,1.6836205495101422,,0,OFFLINE_RESEARCH_NOT_FORMAL
graspgenx_482,kcg_3f_palm_005,0.08722222222222223,0.9615403413772583,243,99160,-0.0223575145 -0.00869445111 0.00166666675,CLOSURE_SURVIVE,99317 98584 98993,-0.00872643335 -0.0223454773 0.00629388185 | 0.0222199534 0.00905994302 -0.00178740929 | -0.0200967802 0.0131061226 0.00497293762,FAST_SURVIVE,,True,SELECTED_AFTER_SWEEP_DIVERSITY,True,0.005295401386355314,f3Link3,FINGER_3_CLOSURE_0273,0.0872222222 0.594775858 0.521538787 0.409002039,1065,0.0014981759656653715,0.010924320638101614,,,,UNRESOLVED_UNTIL_PUBLIC_LEGACY_FORWARDER | HAND_SELF_AND_NONPAD_OBJECT_CONTROL_STATES_SAMPLED_NOT_CONTINUOUS | HAND_TABLE_SAMPLED_NOT_CONTINUOUS | ARM_LINK_AND_JOINT_INTERPOLATED_PATH_NOT_FAST_CHECKED,TASK_REJECT,0.9240348158514299,1.0424010211616104,,,,,1.7982085868557292,PRESCRIBED_TASK_SCALE_INFEASIBLE_UNDER_OPERATION_CAP,0,OFFLINE_RESEARCH_NOT_FORMAL
graspgenx_357,kcg_3f_palm_005,0.08722222222222223,0.9710578918457031,245,99184,-0.0210313902 -0.0115383103 0.00166666675,CLOSURE_SURVIVE,99341 98620 99017,-0.00508281225 -0.0234454311 0.00652917362 | 0.0203842158 0.012643889 -0.00186205581 | -0.0218408948 0.00991761807 0.00484924308,FAST_SURVIVE,,True,SELECTED_AFTER_SWEEP_DIVERSITY,True,0.005295401386355314,f3Link3,FINGER_3_CLOSURE_0273,0.0872222222 0.591779506 0.523036469 0.409002039,1065,0.0014981759656653715,0.010745633349047962,,,,UNRESOLVED_UNTIL_PUBLIC_LEGACY_FORWARDER | HAND_SELF_AND_NONPAD_OBJECT_CONTROL_STATES_SAMPLED_NOT_CONTINUOUS | HAND_TABLE_SAMPLED_NOT_CONTINUOUS | ARM_LINK_AND_JOINT_INTERPOLATED_PATH_NOT_FAST_CHECKED,TASK_SURVIVE,1.0211134023218023,1.103372954705662,11.870334833203724,,1.8263807913870382,,1.8204977617352673,,0,OFFLINE_RESEARCH_NOT_FORMAL
graspgenx_498,kcg_3f_palm_005,0.08722222222222223,0.9602364301681519,171,99136,-0.0233010971 -0.00570182764 0.00166666675,CLOSURE_SURVIVE,99281 98584 98920,-0.0131624573 -0.020061749 0.00480152243 | 0.0225712191 0.00812665042 0.000324381013 | -0.0145858137 0.0190580093 -0.00200000009,FAST_SURVIVE,,True,SELECTED_AFTER_SWEEP_DIVERSITY,True,0.005295401386355314,f3Link3,FINGER_3_CLOSURE_0273,0.0872222222 0.62024485 0.472115297 0.409002039,1121,0.0014981759656653715,0.012550577845743788,,,,UNRESOLVED_UNTIL_PUBLIC_LEGACY_FORWARDER | HAND_SELF_AND_NONPAD_OBJECT_CONTROL_STATES_SAMPLED_NOT_CONTINUOUS | HAND_TABLE_SAMPLED_NOT_CONTINUOUS | ARM_LINK_AND_JOINT_INTERPOLATED_PATH_NOT_FAST_CHECKED,TASK_SURVIVE,1.430047179238077,1.629864962566711,9.418575103364791,,1.3493237631779451,,1.4389103427054635,,0,OFFLINE_RESEARCH_NOT_FORMAL
graspgenx_443,kcg_3f_palm_005,0.08722222222222223,0.9647505283355713,173,99160,-0.0223575145 -0.00869445111 0.00166666675,CLOSURE_SURVIVE,99293 98620 98908,-0.0110821663 -0.0212752042 0.00595799098 | 0.0201557513 0.0130112894 4.86367654e-05 | -0.0124305923 0.0205168524 -0.00200000009,FAST_SURVIVE,,True,SELECTED_AFTER_SWEEP_DIVERSITY,True,0.005295401386355314,f3Link3,FINGER_3_CLOSURE_0273,0.0872222222 0.606761266 0.479603705 0.409002039,1157,0.0014981759656653715,0.011666864660304144,,,,UNRESOLVED_UNTIL_PUBLIC_LEGACY_FORWARDER | HAND_SELF_AND_NONPAD_OBJECT_CONTROL_STATES_SAMPLED_NOT_CONTINUOUS | HAND_TABLE_SAMPLED_NOT_CONTINUOUS | ARM_LINK_AND_JOINT_INTERPOLATED_PATH_NOT_FAST_CHECKED,TASK_SURVIVE,1.270358682851039,1.4309921119781193,10.12744776059644,,1.511816015301971,,1.280413935471992,,0,OFFLINE_RESEARCH_NOT_FORMAL
graspgenx_485,kcg_3f_palm_005,0.08722222222222223,0.9612603783607483,317,99220,-0.0183762642 -0.0154196254 0.00166666675,CLOSURE_SURVIVE,99437 98620 100216,0.00622877014 -0.0231770304 0.00513669441 | 0.0206102807 0.0122803474 -0.00200000009 | -0.0237804299 0.0032189336 0.00964438605,FAST_SURVIVE,,True,SELECTED_AFTER_SWEEP_DIVERSITY,True,0.0052953604376310415,f3Link3,FINGER_3_CLOSURE_0087,0.0872222222 0.609244961 0.570246738 0.409754053,588,0.0014999316406251184,0.0078012938039519475,,,,UNRESOLVED_UNTIL_PUBLIC_LEGACY_FORWARDER | HAND_SELF_AND_NONPAD_OBJECT_CONTROL_STATES_SAMPLED_NOT_CONTINUOUS | HAND_TABLE_SAMPLED_NOT_CONTINUOUS | ARM_LINK_AND_JOINT_INTERPOLATED_PATH_NOT_FAST_CHECKED,TASK_REJECT,0.5570834301023162,0.6375865064759065,,,,,1.9959432810920361,PRESCRIBED_TASK_SCALE_INFEASIBLE_UNDER_OPERATION_CAP,0,OFFLINE_RESEARCH_NOT_FORMAL
